latitude,longitude
35.659940425,139.77573135
35.66038905,139.77926109999999
35.662418175,139.781094025
35.6628329,139.78141770000002
35.663631125,139.783252725
35.6671123,139.78315012500002
35.665690375,139.78649339999998
35.673881574999996,139.78336485
35.6751498,139.782252075
35.675258750000005,139.781247025
35.67572905,139.780600625
35.67584050000001,139.779862925
35.67550165,139.778233625
35.675527,139.777241325
35.674383175,139.7759354
35.6728249,139.77581775
35.67408545,139.77494785000002
35.6751745,139.774209575
35.676621624999996,139.77264639999999
35.676784925,139.77591785
35.6797162,139.775117875
35.68183245,139.77598947500002
35.681878675,139.77174525
35.681843625,139.771066
35.684172249999996,139.77068035
35.684327075,139.77060087499999
35.684429875,139.77186732500002
35.6877626,139.766212575
35.6896852,139.76599607499998
35.691345150000004,139.7675524
35.693205649999996,139.76589325
35.6935936,139.7668241
35.69393435,139.765414275
35.694970325,139.765417875
35.69559025,139.764989125
35.695152125,139.76354835
35.693289725,139.7635664
35.694027375,139.762402825
35.694231349999995,139.76161015
35.692501175000004,139.76075335000002
35.692611325,139.7594878
35.690748575,139.758206325
35.69087865,139.757736475
35.693448825000004,139.75708147499998
35.6950162,139.75658235
35.69544035,139.757492625
35.6952767,139.757941375
35.6963533,139.75742025
35.69658465,139.7568881
35.69713155,139.75709609999998
35.697510475,139.75727205
35.6980735,139.757310825
35.697295499999996,139.7583024
35.696969875,139.7588853
35.6963565,139.75938425
35.69661669999999,139.759780575
35.6964057,139.760014475
35.696176300000005,139.759824775
35.69601085,139.760043075
35.695657275,139.760800675
35.695174699999995,139.76034555
35.694785625,139.760344975
35.6948966,139.75976175000002
35.695395600000005,139.75934095000002
35.695332975,139.758920875
35.69533680000001,139.758765925
35.695522249999996,139.75871317500003
35.696071675,139.75889504999998
35.696520424999996,139.7595354
35.697596725000004,139.75965945
35.69638835,139.761016975
35.696098775,139.76133002499998
35.69612495,139.761306525
35.696472575,139.761384875
35.69650850000001,139.76166452500001
35.699267325,139.7631798
35.699239475,139.76383485
35.699575325,139.76426365
35.699448974999996,139.764714
35.699314925,139.764999875
35.699069699999995,139.765129275
35.698957050000004,139.764292925
35.698833625,139.7660675
35.699015625,139.76637829999999
35.697998475000006,139.76804562499998
35.697425,139.768039325
35.696618675,139.767862025
35.69608895,139.767749675
35.69626095,139.76877555
35.696546149999996,139.7688941
35.695343125,139.769267525
35.694968625,139.7683145
35.695133375,139.767748525
35.6952568,139.76728085000002
35.693567675,139.768222175
35.69335705,139.7678039
35.693006775,139.76841585
35.693552100000005,139.769634075
35.69408357499999,139.770218125
35.69439355,139.77076135
35.694754575000005,139.77060992499997
35.696012350000004,139.771300825
35.69732582500001,139.77136382499998
35.698220774999996,139.77213625
35.698672275,139.77217915
35.698384975,139.77185635
35.700301925,139.77198105
35.70063412499999,139.77244050000002
35.701228099999994,139.77199415
35.7015709,139.771615375
35.702094325000004,139.771873975
35.7019196,139.77134842499999
35.701277725,139.77106525
35.700800924999996,139.77061215
35.70032904999999,139.77023052500002
35.69941035,139.7701396
35.69922857500001,139.76966495
35.697972575,139.769409
35.70027782499999,139.768858775
35.701302774999995,139.76936465
35.701743975,139.76924995
35.701657975,139.76862632499999
35.702604925,139.7696717
35.7028744,139.77019470000002
35.703143,139.771130075
35.703494975,139.7714691
35.7039566,139.7714368
35.7043356,139.77091495
35.70488285,139.77125934999998
35.705445525,139.77134315
35.704947125,139.7727909
35.7056552,139.7728108
35.70603385,139.773155075
35.705710575,139.77381845
35.70562125,139.774348325
35.706130474999995,139.77443664999998
35.706740825,139.774949475
35.706339225,139.775464275
35.7078594,139.77534062499998
35.708228925,139.775208075
35.70836355,139.775450225
35.708765775,139.7755267
35.708863325,139.775780425
35.708600974999996,139.77579055
35.709321675,139.775542975
35.709664724999996,139.775107875
35.709039000000004,139.77420115
35.708620475000004,139.77390555
35.708284375,139.773998225
35.708230875,139.77418195
35.708274349999996,139.7743376
35.708227125,139.7743955
35.707607800000005,139.7739431
35.7074001,139.77376835
35.70710495,139.77413932500002
35.707075825,139.773637625
35.707318799999996,139.77326155000003
35.7074073,139.772583875
35.707408925,139.77247482500002
35.707653775,139.7722154
35.707967275,139.772375525
35.7082945,139.77232835
35.708505775,139.772420675
35.7087765,139.77248387499998
35.708543725,139.77221337499998
35.708459675,139.771987325
35.708314400000006,139.77192615
35.708118125,139.7716824
35.708664175,139.77164109999998
35.708744225000004,139.771514175
35.709147625,139.7715144
35.70940134999999,139.771788475
35.7092745,139.77239985
35.7092299,139.7725363
35.709678000000004,139.7728353
35.709719675,139.77307457499998
35.710420750000004,139.7730989
35.71070445,139.773108425
35.711306074999996,139.77319035
35.711722574999996,139.77402957500001
35.711933650000006,139.77446344999998
35.712318025,139.7746461
35.712044475,139.775013975
35.711203,139.77498782499998
35.710975825,139.775183975
35.7108703,139.77491974999998
35.7105701,139.774864025
35.7106798,139.775188125
35.710293775000004,139.7754011
35.710178174999996,139.77506335
35.710098625,139.774244525
35.7101454,139.774031825
35.709967425,139.77404345000002
35.709326525,139.77364405
35.7090713,139.77292025
35.708466025,139.77351
35.708402125000006,139.7735215
35.708114925,139.77352335
35.7082573,139.7728272
35.708055525,139.77227247500002
35.70776695,139.77146700000003
35.708000625,139.7712165
35.70801735,139.771092375
35.7078929,139.771043375
35.707785925,139.77085847499998
35.7076531,139.77087535
35.707641699999996,139.7705682
35.70771417500001,139.770508525
35.707634,139.770360675
35.707711849999995,139.77026130000002
35.7077951,139.770171125
35.70807285,139.7703373
35.708477800000004,139.77027915
35.708624,139.769885875
35.7088851,139.77022734999997
35.709140775,139.77049577500003
35.7092447,139.771038025
35.708363399999996,139.770973175
35.70833115,139.77120810000002
35.70836205,139.771039975
35.707541625000005,139.771184625
35.707388425000005,139.7712493
35.707058075,139.771504525
35.706236175,139.771088175
35.7059274,139.77068342500002
35.705522375,139.770842075
35.705614475,139.7700822
35.706011125,139.769516225
35.707190100000005,139.76978585
35.7074406,139.77027265
35.7079197,139.769525575
35.70766102499999,139.76905875
35.708542325,139.768868625
35.707628825,139.767231275
35.70700665,139.76774387499998
35.706712925,139.76783052500002
35.70648815,139.76709045
35.707434025,139.76571385
35.707181725,139.76494317499998
35.7056901,139.7645398
35.70526785,139.76426665
35.705860650000005,139.7631852
35.7064706,139.762747675
35.706042,139.76170507499998
35.706545025,139.76145544999997
35.706949824999995,139.761447025
35.707780799999995,139.7612611
35.70767005,139.76022495
35.707540025,139.759999475
35.707033124999995,139.760236625
35.70620925,139.76064064999997
35.705496624999995,139.760631
35.705109675,139.76091622500002
35.7050381,139.760231325
35.704509099999996,139.761928175
35.704105425,139.762422175
35.70379855,139.765584125
35.703193424999995,139.76580272500001
35.702463675000004,139.76595667499998
35.7017833,139.766431925
35.7020617,139.767613325
35.7033644,139.76907175
35.704248050000004,139.76980600000002
35.704603225,139.768734475
35.704608275,139.77074585000003
35.69949162499999,139.759874325
35.6993758,139.758255025
35.69857735,139.7569789
35.698813900000005,139.75619345
35.69772415,139.755631375
35.696547100000004,139.7559593
35.696192075,139.75636310000002
35.695567225,139.756190075
35.69554,139.7550523
35.69675565,139.75404387499998
35.69840795,139.75389249999998
35.696264400000004,139.75152417500001
35.698024575000005,139.75119045
35.698692900000005,139.750467325
35.700067250000004,139.7492096
35.701320275,139.747824875
35.701711125,139.74645355
35.701684799999995,139.745805375
35.701455249999995,139.74536475
35.701045225,139.745701725
35.701179124999996,139.74625344999998
35.700647225,139.74622835
35.699418925,139.7453196
35.699061549999996,139.74523835
35.699281825,139.74494105
35.699553925000004,139.743484475
35.695285225,139.74643405
35.6938512,139.745735825
35.692849575,139.7440689
35.692192925,139.74374490000002
35.692543125,139.74275864999998
35.6925479,139.74212395
35.692014775,139.7408792
35.691537575,139.739297975
35.692076925,139.73798169999998
35.694293525,139.73732525
35.698067325,139.740125675
35.700282425,139.73988615000002
35.700859775,139.739830675
35.700851125,139.73940105
35.701513475,139.739569275
35.70195355,139.739367125
35.701885825000005,139.73869515
35.70225175,139.73817747500001
35.702443675,139.737861075
35.702775125,139.7374023
35.703027399999996,139.7367606
35.703097025,139.738503475
35.7038159,139.7366189
35.70380395,139.7360295
35.703875975,139.73518955
35.705092775000004,139.73508969999997
35.7041834,139.73359895
35.704048099999994,139.732859775
35.704856275,139.731794925
35.705842475,139.730913275
35.705446800000004,139.73076495
35.707383650000004,139.731047
35.70838705,139.7310735
35.7085212,139.73015385
35.709384025,139.730483275
35.709566075000005,139.73095110000003
35.70927515,139.73176882500002
35.708293,139.73272775
35.708722975,139.733886675
35.70812305,139.73443417500002
35.70762705,139.736272275
35.70945985,139.737478025
35.70968985,139.7399124
35.711550475,139.74022935
35.7057341,139.74107427500002
35.70538175,139.74168889999999
35.7037325,139.74079835
35.702987075,139.7400122
35.70247215,139.74009205
35.7021583,139.74009865
35.70209245,139.740378775
35.701907825000006,139.740361025
35.701310525,139.740304725
35.700916375,139.740370225
35.70110615,139.74071487499998
35.7010335,139.74104269999998
35.700819975,139.74135225
35.700830275,139.741763525
35.700649025,139.74203527499998
35.700768100000005,139.74238402499998
35.700927725,139.74279745
35.701198475,139.742447575
35.7020249,139.742972775
35.702193225,139.7439311
35.7027702,139.74259684999998
35.701962075,139.741404325
35.70148915,139.741456675
35.70146115,139.741200275
35.701940025000006,139.740845925
35.70262485,139.74070567500002
35.70216415,139.7397737
35.700751675,139.73900645
35.701549224999994,139.736290925
35.700478274999995,139.73402914999997
35.700529975,139.732953075
35.698890774999995,139.7334572
35.698089124999996,139.7336362
35.695022,139.7346993
35.68997215,139.7354004
35.691050950000005,139.72910174999998
35.68624055,139.72969265
35.6863472,139.727874775
35.68823065,139.72378165
35.688948724999996,139.72273697499998
35.68990915,139.72216895
35.69023085,139.72164614999997
35.688944775,139.7205273
35.687497825,139.72002025
35.686746,139.71997495
35.687511275,139.718236475
35.68468985,139.71876555
35.683023175,139.719660125
35.680393175000006,139.719563375
35.67471235,139.71669725
35.671781925000005,139.720462175
35.671144275,139.72086795
35.670649999999995,139.7206909
35.67024035,139.7201251
35.6701208,139.720184875
35.670610675,139.71975687499997
35.67077605,139.7181703
35.66913115,139.717509
35.669078975000005,139.7168731
35.668873475,139.71674575
35.668015075,139.716852725
35.667780300000004,139.717488575
35.66755175,139.717791225
35.6675276,139.7183024
35.667291250000005,139.71812047499998
35.666664725,139.716804875
35.665957074999994,139.716774275
35.667308500000004,139.715472975
35.667294725,139.71496722499998
35.6666728,139.713415425
35.665736625,139.713897025
35.66526105,139.71356285
35.6649556,139.713708325
35.66524685,139.7125336
35.665514375,139.71312047499998
35.66451625,139.71401715
35.663751075,139.712356225
35.662901825,139.711983075
35.662753175000006,139.7119101
35.6633205,139.71162815
35.663295325,139.7113087
35.664063325,139.711746925
35.664057375,139.710784725
35.664451525000004,139.709772525
35.663413750000004,139.70957147500002
35.66311305,139.70972445
35.6623644,139.711192975
35.66192735,139.7123152
35.662216,139.71292297500003
35.66181425,139.713629325
35.661439025,139.713791525
35.6611399,139.71481615
35.6600418,139.7153962
35.6597474,139.717217025
35.659901825,139.718367275
35.658369799999996,139.712638725
35.661003,139.7193973
35.6611476,139.723036675
35.660474125,139.7232285
35.659848100000005,139.72382025000002
35.65920745,139.7236574
35.660807500000004,139.724676325
35.662102250000004,139.72556465
35.660655975000005,139.72728252500002
35.660396925,139.7278594
35.659512074999995,139.727793475
35.65792455,139.72732635
35.6601657,139.729918
35.659929925,139.730344725
35.656854475,139.73269145
35.65689690000001,139.7346076
35.655183225,139.73468345
35.654141325,139.73514747500002
35.654977275,139.7360469
35.65528555,139.7380898
35.657801475,139.737901525
35.660794725,139.73853137499998
35.66095635,139.73802874999998
35.6623457,139.736560425
35.66420095000001,139.73741645
35.665504874999996,139.7367035
35.665495924999995,139.7394645
35.665040499999996,139.739610725
35.664468925,139.739598725
35.6679517,139.73943889999998
35.66903555,139.738778175
35.6712093,139.73806055
35.67153755,139.7400998
35.67135075,139.74047447499998
35.671420875,139.74081365
35.671037225,139.74141054999998
35.670384925,139.741483475
35.669980225,139.74277
35.6705026,139.74450515
35.670692025,139.74637209999997
35.66885765,139.745871325
35.669672825,139.74807165
35.668492975,139.74880985000001
35.668331300000006,139.7490487
35.668514575,139.749410825
35.66879185,139.74950884999998
35.66886365,139.750058875
35.668640175,139.750171425
35.668708125,139.75050295
35.6692118,139.750708575
35.66936067499999,139.75090682500002
35.6698176,139.750661725
35.67032475,139.750670125
35.670134450000006,139.7516623
35.668000924999994,139.7514237
35.668066325,139.75174277500003
35.668005699999995,139.75204075
35.668598225000004,139.752148275
35.668458650000005,139.75285797499998
35.66829105,139.753211825
35.668314025,139.753587425
35.668055800000005,139.75403369999998
35.667454575,139.75338292499998
35.667454175,139.75317045
35.666724675,139.75197925
35.667327875,139.75174155
35.668707825,139.7526239
35.6669797,139.75069375
35.666140524999996,139.750710825
35.6649858,139.749798175
35.666006975,139.746417175
35.667241225,139.74496090000002
35.664395674999994,139.7444561
35.662667600000006,139.7444999
35.6633779,139.7457918
35.663274775,139.746457125
35.66126685,139.746148575
35.6603608,139.74298562500002
35.658068775000004,139.743157325
35.657199375,139.74390872499998
35.654328125,139.74338607500002
35.651160825,139.74584342499998
35.649779525,139.74517292500002
35.649145749999995,139.745738325
35.64879727500001,139.7453952
35.648631050000006,139.745412225
35.64849635,139.74501707500002
35.64829265,139.74475505
35.6480868,139.745636875
35.64784495,139.7453385
35.647755425,139.745855675
35.647808325,139.7461258
35.64788635000001,139.74645807499996
35.64787155,139.74677705
35.64842385,139.7468079
35.648198925,139.7468703
35.647060125,139.74724759999998
35.648180175,139.749875625
35.648575425000004,139.750371475
35.6485495,139.750694825
35.649110025,139.751811725
35.648595875,139.75256000000002
35.651289649999995,139.751646875
35.652855175,139.752363175
35.653512625000005,139.75546775
35.65608905,139.75530262499998
35.657273575,139.75478097500002
35.65785175,139.75464075
35.6571436,139.7539544
35.656493275,139.75333032499998
35.656824400000005,139.752825325
35.65629885,139.75251125
35.65704852500001,139.75229165
35.661088174999996,139.754266475
35.66478455,139.7546344
35.66694065,139.75507235
35.66552515,139.7562559
35.66653015,139.756212175
35.6666049,139.75692115
35.666439975,139.75742025
35.665993775000004,139.75721635
35.665249525,139.75789815
35.664995875,139.757633225
35.66446705,139.75768315
35.66497715,139.759845575
35.66638775,139.75940845
35.66673085,139.759280425
35.66754325,139.759512075
35.6677245,139.759879925
35.668058724999995,139.75980959999998
35.668536450000005,139.76016095
35.669203925000005,139.760345925
35.669465450000004,139.760970975
35.67027172499999,139.759865075
35.67098675,139.7604836
35.6715898,139.760847775
35.6714083,139.761592625
35.671241925,139.76223005
35.6731318,139.76162747499998
35.6741119,139.76211427500002
35.672352475,139.764159125
35.67217545,139.76462157499998
35.672374049999995,139.765200075
35.6735657,139.7652285
35.671692549999996,139.76605335
35.672881,139.7668089
35.6703044,139.7668109
35.670575325,139.767408925
35.670223025,139.766726075
35.668167024999995,139.7669255
35.66856285,139.7650754
35.669386475,139.7650527
35.6693353,139.764706625
35.669520925,139.764297375
35.670298925,139.764598175
35.669857699999994,139.76545435
35.670603525,139.7641492
35.670526,139.76287055
35.6731851,139.76082904999998
35.6730975,139.760517225
35.672400275,139.760157225
35.675425625,139.7624482
35.67523705,139.76406075
35.6749763,139.764601675
35.67636025,139.764601325
35.676022075,139.765337625
35.67481905,139.7659142
35.6745887,139.76690367499998
35.67465395,139.7676146
35.6740055,139.76880685
35.673195924999995,139.76975025000002
35.672224975,139.7692337
35.673361775,139.770825225
35.674103675000005,139.7708108
35.6768413,139.76927419999998
35.678993875,139.76938760000002
35.680815775,139.76737467499999
35.6792641,139.76495957499998
35.67874125,139.76505015
35.678592425,139.76505615
35.678275150000005,139.76490495000002
35.678245225,139.7651386
35.677620250000004,139.76399980000002
35.67790675,139.760742825
35.674375875,139.75650935000002
35.67239562499999,139.75443415
35.668956375,139.75496702499998
35.66778372500001,139.75561455
35.668240075,139.75621139999998
35.6679877,139.756854025
35.668288525,139.75781682500002
35.66897,139.75900525
35.669372275,139.7596558
35.668382925,139.76156475
35.667811325,139.762103675
35.667257575,139.763524875
35.665887025,139.76438395
35.666761525,139.76921577500002
35.6663276,139.7712009
35.666140150000004,139.7729648
35.669367875,139.769257625
35.669995175000004,139.768809125
35.670981375000004,139.7698734
35.669704974999995,139.77325797499998
35.67379005,139.778551525
35.6559996,139.773632525
35.65711775,139.782505
35.65724925,139.78263499999997
35.6573225,139.7828035
35.65192725,139.787889225
35.64757722499999,139.78749285
35.65423345,139.79708145
35.655328425,139.7968103
35.65721535,139.79541304999998
35.6577585,139.7951875
35.657889325,139.795465925
35.658708375,139.79426827499998
35.650060350000004,139.7989613
35.634767075,139.798336875
35.63274475,139.79201254999998
35.630581225,139.794725125
35.629401675000004,139.79396375
35.629866875000005,139.778217025
35.629111025,139.77559975
35.62707695,139.774954725
35.624920625,139.773801875
35.61516615,139.75707055
35.610172925,139.74742372499998
35.611021324999996,139.74405465
35.610647225,139.74344425
35.61432085,139.74409835
35.617968475000005,139.7419982
35.621257775,139.740768625
35.621755,139.74287805
35.626309,139.73836277499998
35.627064575,139.73790250000002
35.627931175,139.737076725
35.628840575,139.73625944999998
35.63067715,139.73660152499997
35.6316901,139.732331525
35.6323025,139.7310533
35.635714225,139.73322235
35.639712375,139.733943275
35.64014195,139.73843797499998
35.639251825,139.73991489999997
35.64049072500001,139.73792775
35.64355705,139.733636775
35.6440483,139.73362865
35.645717375,139.73557415
35.648089575,139.736670525
35.651298375,139.7358482
35.6469635,139.740348875
35.64784585,139.742081525
35.647595100000004,139.743483125
35.646950000000004,139.74381657499998
35.64719945,139.744228
35.647177325,139.744922325
35.646663249999996,139.74477505
35.646104199999996,139.7452236
35.644353525,139.74795632500002
35.643703374999994,139.749942175
35.644761425,139.750865025
35.651214575,139.7476988
35.650255,139.73544404999998
35.655726425,139.7301641
35.662140225,139.7344019
35.662146575,139.73506557500002
35.66318475,139.733582725
35.6638016,139.73270564999999
35.66324482499999,139.73267424999997
35.664190825,139.73214375000003
35.66471625,139.73159875000002
35.66427935,139.73039115
35.662579275,139.73143092499998
35.66263435,139.73013625
35.664309275,139.72811187499997
35.66551055,139.727842475
35.66598645,139.72850267500002
35.6670198,139.72778442499998
35.667418999999995,139.7291429
35.670779275,139.728748175
35.669452750000005,139.73280915
35.6682916,139.733157375
35.66955305,139.7338009
35.66484355,139.73300285
35.6666096,139.731633975
35.666434625,139.72506754999998
35.671530925,139.7198663
35.67068075,139.7170321
35.6700523,139.71672825000002
35.669935375,139.71527832499999
35.67168735,139.714143375
35.670847050000006,139.713602675
35.670505375000005,139.7134388
35.6686346,139.71246635
35.66808445,139.7118347
35.667334475000004,139.711120625
35.66697655,139.711258025
35.666719875,139.709704475
35.666992025,139.70838785
35.669407500000005,139.7076089
35.671191625,139.708184975
35.67025395,139.70604874999998
35.668879425,139.70598632500003
35.668017825,139.705679775
35.667763225,139.70538335
35.668461074999996,139.7038963
35.6671666,139.704180275
35.66661705,139.70448787499998
35.66524285,139.70388205
35.66568065,139.705521875
35.663328175,139.70846534999998
35.66084935000001,139.7075264
35.66070985,139.707289075
35.660383325000005,139.7069205
35.66013615,139.705587525
35.66077505,139.70531567499998
35.660567575,139.70462455
35.659859524999995,139.7041787
35.659937025000005,139.702928025
35.660567825,139.702086275
35.6614554,139.702541975
35.661303024999995,139.70102357500002
35.661392625000005,139.70041945
35.661629525,139.70002075000002
35.6623256,139.69991295
35.66330537499999,139.699267875
35.663647749999996,139.6984441
35.66249155,139.69732462500002
35.66186435,139.696666
35.661694775,139.69778035000002
35.661321425,139.6978965
35.66114325,139.69798255
35.660891925,139.697797775
35.660691825,139.69807795
35.66058115,139.69827569999998
35.660387825,139.6985723
35.660381825,139.69893912499998
35.661064374999995,139.6987023
35.66095375,139.699088975
35.660352375,139.69942565
35.65990525,139.69977400000002
35.659767775,139.69951377499999
35.659681825,139.698963425
35.658967625,139.69925525
35.6586188,139.69931225
35.65861795000001,139.6986529
35.658694274999995,139.698418675
35.6590899,139.698383125
35.658913575,139.697956375
35.659269225,139.697788775
35.659338149999996,139.69754565
35.65877655,139.69771015
35.658603375,139.697943775
35.658360275,139.6982117
35.65879115,139.69725845000002
35.65909025,139.6969454
35.659034225,139.696730925
35.658663149999995,139.696708825
35.6584376,139.69645787500002
35.657917600000005,139.696147775
35.657559925,139.696567625
35.657226325,139.6965436
35.657823375,139.69712892500002
35.65745205,139.6956791
35.65699335,139.69567495
35.657283475,139.695017475
35.656818900000005,139.69466465
35.6568577,139.6943913
35.65671865,139.694181475
35.657328549999995,139.694474125
35.65769815,139.69379745
35.65810555,139.6943882
35.658639575,139.69383025
35.6593304,139.693920225
35.659371775000004,139.694443025
35.65921545,139.69537565000002
35.659658575,139.69581530000002
35.660015325,139.6954751
35.6602415,139.69642655
35.660682125,139.696853425
35.661266149999996,139.69673289999997
35.659678850000006,139.6983539
35.657975449999995,139.69929205
35.657612275000005,139.699309425
35.657755200000004,139.6997885
35.6557654,139.699230975
35.653363425,139.6967395
35.655299725000006,139.70058745
35.656331625,139.701129875
35.65652105,139.70150182499998
35.656642325,139.70136912499999
35.658318475,139.702988925
35.659642575,139.70168840000002
35.659680425,139.701314725
35.65945405,139.70116230000002
35.660432025,139.70163635
35.6629558,139.699815675
35.65751635,139.704332125
35.656441875,139.7048006
35.655661675000005,139.705504625
35.656306349999994,139.707918275
35.653413425,139.70609050000002
35.648495925000006,139.70809694999997
35.648193225,139.70493155
35.647553224999996,139.7027722
35.6473983,139.70184205
35.648253475,139.70148462499998
35.64914975,139.699719975
35.645012625,139.69926905
35.6442891,139.698526
35.643777075,139.69793802499998
35.643132725,139.69804745000002
35.642755875,139.6995141
35.644793224999994,139.700075425
35.645436525,139.697082675
35.646990075,139.695792825
35.647442100000006,139.694491775
35.647342699999996,139.69353784999998
35.648643275000005,139.69208615
35.6523524,139.68958544999998
35.65603645,139.691187225
35.657104724999996,139.69143805
35.655927500000004,139.69233455
35.655689325,139.692890075
35.655248650000004,139.69303965
35.655500499999995,139.693453875
35.6559463,139.693838225
35.656445475,139.693669175
35.6520118,139.695477425
35.659884425,139.69244759999998
35.66279805,139.6948264
35.662719925,139.695311025
35.664059824999995,139.69448060000002
35.665449525,139.69396465
35.66784425,139.690632775
35.668868425,139.68876725
35.669579850000005,139.68692844999998
35.670928175,139.6837168
35.670632149999996,139.68239785000003
35.66758565,139.68086675
35.662608875000004,139.67791905
35.659981875,139.676060425
35.655051325,139.672720875
35.653501325,139.6713659
35.650054425,139.668532175
35.648119924999996,139.668574225
35.646826425,139.66940905
35.646381749999996,139.66932325
35.645693925,139.67026845
35.64494485,139.67050545
35.644339475,139.67027917500002
35.64388125,139.670505425
35.643432025,139.67135470000002
35.6431376,139.671577525
35.644021499999994,139.6729588
35.641874125,139.67298665
35.6410451,139.67434319999998
35.639985225000004,139.67586790000001
35.646114725000004,139.675975
35.6483142,139.677757225
35.649833025,139.6800467
35.646893275,139.67519805
35.639897500000004,139.68297732500002
35.6324071,139.684667075
35.637972725,139.69271645
35.630725625000004,139.699211575
35.63660945,139.706677225
35.633135675,139.708709
35.632777274999995,139.7109241
35.634572475,139.71217704999998
35.63458665,139.7134333
35.63390665,139.713946225
35.633833725,139.714612725
35.635447049999996,139.7149614
35.6344806,139.71632935000002
35.63470225,139.71682737499998
35.6340939,139.717277975
35.63342855,139.717044675
35.635985074999994,139.7189332
35.638474325,139.723723325
35.62928395,139.7268625
35.626473925,139.72485275
35.625823175,139.72557965
35.6261015,139.726206225
35.624839525,139.72364695000002
35.623432675000004,139.7233109
35.622311425,139.722630875
35.62063985,139.72620209999997
35.6188072,139.72757765
35.6177361,139.72701485
35.61825627499999,139.7305654
35.62007835,139.7309108
35.618334149999995,139.7277699
35.6290552,139.7421683
35.628985425,139.74264484999998
35.62835435,139.73385865
35.626534475,139.72112844999998
35.626110975,139.720360975
35.6247329,139.7203388
35.623614075,139.72037102500002
35.6232529,139.72064210000002
35.626717049999996,139.71587507499999
35.62573354999999,139.71312592499999
35.6271758,139.712336475
35.63824095,139.71167495
35.639476724999994,139.71257922499998
35.64321425,139.7123414
35.6458468,139.711423775
35.646867674999996,139.71257020000002
35.648073925,139.713094475
35.6487573,139.71155077499998
35.648306475,139.71080405
35.648294025,139.710449375
35.647751675,139.7107297
35.647129250000006,139.708906775
35.6464969,139.708404525
35.64619045,139.708198225
35.6458814,139.707555925
35.645483075,139.707050175
35.645948849999996,139.70564927499998
35.651603900000005,139.703622925
35.6506189,139.7082048
35.645847,139.71480077500001
35.644472375,139.7155582
35.6487841,139.718771
35.649147899999996,139.719975175
35.649229475,139.720400075
35.649454074999994,139.72052825
35.6499041,139.720403125
35.6500099,139.71995427500002
35.6501762,139.72016005
35.65025025,139.720779275
35.64935145,139.72095869999998
35.650546875,139.721585725
35.650874625,139.72212159999998
35.6515829,139.722822475
35.6490005,139.72287695
35.67072725,139.73482417500003
35.671021025,139.734879125
35.671174975,139.735132625
35.67131375,139.7352304
35.672859200000005,139.7367522
35.672725875,139.73753632499998
35.673081525,139.737723225
35.6739422,139.7376582
35.674609575000005,139.73754162499998
35.675235975,139.73723199999998
35.675545975,139.73733984999998
35.675339975,139.73672807499997
35.675473,139.73587475
35.676515175000006,139.73657545
35.676244975,139.73693780000002
35.677038975,139.73648617499998
35.677348025,139.736464975
35.676225125,139.738239175
35.679275274999995,139.73870955
35.67446615,139.73949795000001
35.6735996,139.73840825000002
35.6732527,139.737214675
35.675024199999996,139.732723225
35.681322175000005,139.73545539999998
35.683314775,139.738239575
35.683850625,139.73815374999998
35.682955725,139.74023857499998
35.683025925,139.741329
35.682274375,139.741632375
35.683219300000005,139.74191425
35.683885374999996,139.741699775
35.685172650000005,139.74150795
35.68543977499999,139.74218072500003
35.6878791,139.74276385
35.686021025,139.73903535
35.685169225,139.738716
35.689092099999996,139.74580585
35.6950437,139.749691875
35.69965425,139.753085725
35.701493424999995,139.75347155
35.701115225,139.75559555
35.702551449999994,139.758529625
35.704987724999995,139.75554757499998
35.706809449999994,139.757275075
35.707586324999994,139.7572836
35.707588225,139.758893225
35.708087725,139.7598663
35.7088591,139.7581903
35.708887575,139.760284475
35.7095381,139.760077175
35.710014550000004,139.76017732500003
35.710787925,139.75975327499998
35.712436724999996,139.75925934999998
35.712987775,139.75912675
35.713559725,139.75906115
35.71540975,139.758375775
35.716029225,139.757693675
35.7178248,139.7577516
35.72051715,139.75642547500001
35.7228887,139.753623325
35.72233275000001,139.7524447
35.72072225,139.751320625
35.727229,139.758886075
35.732466775,139.75856495
35.73432975,139.758625225
35.7356913,139.759263525
35.737936575,139.75962450000003
35.738722824999996,139.75759945
35.738810125,139.75846827499998
35.739191999999996,139.762480875
35.7420264,139.76214825
35.745207175000004,139.7630285
35.748826900000005,139.76190394999998
35.750192075,139.76195745
35.751622925,139.75989225
35.747835675000005,139.75656357499997
35.748844825,139.75025875
35.7503616,139.7483975
35.7510922,139.74858509999999
35.75157035,139.7474365
35.756779125,139.74407449999998
35.7581329,139.74289735
35.758396450000006,139.74130465000002
35.757082999999994,139.74015065
35.7584668,139.738225425
35.7553907,139.737851925
35.75524205,139.737077725
35.754017325,139.736000975
35.753635775000006,139.736255025
35.753348825,139.73459194999998
35.756321075,139.73554105
35.76350435,139.7285046
35.765880700000004,139.727784225
35.765645199999994,139.727093375
35.765883525,139.727146375
35.764707825,139.725078875
35.763657550000005,139.72439732499998
35.761752625,139.72467935
35.761514975,139.722970425
35.761446025,139.72255570000002
35.761380075000005,139.722047075
35.76151432499999,139.7217083
35.761738699999995,139.72084325
35.761602075,139.71987710000002
35.76157365,139.71921707500002
35.7621079,139.718879575
35.765445525000004,139.7197558
35.76484125,139.7231701
35.766368050000004,139.72867915
35.76731975,139.729484475
35.76892945,139.733198975
35.765373600000004,139.7445464
35.775726750000004,139.7241338
35.77644802499999,139.72202660000002
35.77712625,139.72204735
35.77739595,139.722069025
35.7781034,139.72153605
35.77911365,139.72160145
35.779294875,139.720643725
35.77969315,139.7206599
35.780045975,139.7204739
35.781005625,139.7195466
35.77905225,139.7195688
35.782345899999996,139.72201215
35.7796055,139.72352025
35.779466,139.7242112
35.779460925,139.725521725
35.78212515,139.72446114999997
35.781224125,139.700968925
35.77814275,139.689505575
35.77739675,139.684705425
35.778533450000005,139.682334825
35.7857743,139.67694210000002
35.788799575000006,139.671965775
35.78145685,139.66853805
35.7901934,139.6633606
35.781462925,139.65361145
35.781329675,139.647811125
35.774136549999994,139.64411470000002
35.7716017,139.645956975
35.770709825,139.64552055
35.770243475,139.6450764
35.76995535,139.644678325
35.7698293,139.64425634999998
35.768770725,139.6448442
35.769336275,139.64605845
35.767105574999995,139.64754565
35.76895905,139.648104025
35.77151035,139.64451547500002
35.771264025,139.64379730000002
35.77084495,139.642215375
35.77048775,139.64038920000002
35.773325299999996,139.6359583
35.7774898,139.63201759999998
35.7777046,139.6310429
35.777956125,139.630617075
35.76880825,139.62423869999998
35.761953000000005,139.64490542500002
35.750681175,139.6373803
35.7508059,139.62849247499997
35.74745165,139.62260245
35.7490908,139.62175435
35.7496368,139.613044175
35.739117025,139.610830875
35.742449875,139.605998575
35.7431103,139.605188
35.742540225,139.604072175
35.744981974999995,139.600690275
35.728624425,139.603494375
35.72636605,139.602723875
35.727950275,139.609219825
35.717636575,139.60778635
35.7117415,139.6031413
35.7100705,139.6013673
35.716076099999995,139.597822825
35.721394974999995,139.59122515
35.725338175000005,139.59164025
35.726747675,139.592904075
35.723958350000004,139.58242712499998
35.724139199999996,139.57822775
35.729058225,139.575767075
35.73309917500001,139.57000937499998
35.736756050000004,139.57926872499996
35.72753965,139.5625566
35.720007125,139.567904
35.711178675,139.56616082500003
35.7076783,139.57054535
35.705828350000004,139.57641255000001
35.705536775,139.5771511
35.70443545,139.57611830000002
35.703998500000004,139.57560840000002
35.7028509,139.575523775
35.702784925,139.57776702499999
35.702799199999994,139.5785415
35.70181155,139.5787623
35.703701275,139.579150725
35.704184075,139.5787362
35.7043915,139.578787175
35.704409875,139.579911025
35.7043618,139.580674225
35.7034945,139.581649025
35.703852375,139.581923525
35.7036411,139.582465775
35.706073225,139.58055122500002
35.708548949999994,139.58053454999998
35.707835925,139.579852075
35.701931325,139.58081992500001
35.701744500000004,139.581774325
35.70199055,139.58206115000002
35.700908075,139.58360625
35.7003359,139.585387975
35.69956105,139.58665005
35.692331325,139.587676925
35.683304074999995,139.57918305
35.691746800000004,139.57052292500003
35.6935806,139.5665421
35.692679350000006,139.5624713
35.69011845,139.5610308
35.68744715,139.56475195000002
35.6842841,139.566636775
35.683583774999995,139.56094235
35.68196405,139.55757115
35.672908825,139.558162975
35.668466325000004,139.555458525
35.658225325000004,139.552059375
35.65554025,139.552357275
35.652186675,139.550987975
35.649864625,139.5514347
35.647624775,139.5513663
35.652082925,139.54782592499998
35.652376875,139.546505025
35.653137400000006,139.54620525
35.652906474999995,139.546048675
35.6522222,139.54533655
35.6520248,139.54608602499997
35.653934,139.5471114
35.655188124999995,139.5478688
35.654854650000004,139.545622175
35.655186475,139.542674725
35.653675774999996,139.542188625
35.652706124999995,139.543183
35.651157399999995,139.543321925
35.650458675,139.54353772500002
35.650021525,139.543247525
35.6485124,139.54282682500002
35.648041750000004,139.5446902
35.648480475,139.54460085
35.64837815,139.556618575
35.649230349999996,139.55899012499998
35.650819375,139.55877085
35.64620605,139.56173360000003
35.64990725,139.56646164999998
35.652606525,139.566505775
35.653954049999996,139.567103225
35.6544918,139.567185825
35.6551161,139.567532625
35.65623875,139.567738875
35.656010050000006,139.56512585
35.6563517,139.56549694999998
35.655056800000004,139.573238
35.657886999999995,139.573968375
35.659026325,139.573407175
35.659183525,139.57544565
35.66016985,139.57474815
35.651648449999996,139.578498125
35.6608284,139.58414705
35.6630217,139.58432715
35.662180549999995,139.585691925
35.66102235,139.5859719
35.66070915,139.5875923
35.6605023,139.5874041
35.65603575,139.593969225
35.66775685,139.5935513
35.670224975000004,139.5967923
35.6700444,139.598766525
35.67002515,139.59907777499998
35.66946695,139.59887515
35.669226275,139.599249525
35.668700199999996,139.599632825
35.670087800000005,139.600256425
35.668392825,139.60006385000003
35.668232175,139.59986955
35.668242425,139.600792675
35.668342224999996,139.60126875
35.6679187,139.60184082499998
35.664874850000004,139.6029381
35.665460599999996,139.6027264
35.671022699999995,139.601391325
35.671425850000006,139.6077596
35.671015975,139.608832575
35.670602675,139.610447575
35.670584275,139.6141123
35.671696875,139.61501515
35.67160455,139.616004875
35.67130975,139.616533075
35.67051910000001,139.61667217500002
35.6702899,139.62138054999997
35.667832625,139.6227659
35.669918425000006,139.62960429999998
35.66909605,139.6325815
35.668825999999996,139.633243825
35.667392925,139.632453375
35.666705625,139.631959975
35.666488099999995,139.634778875
35.665727200000006,139.638917075
35.665923825,139.64047630000002
35.665388199999995,139.640851575
35.66635395,139.641383625
35.666976225,139.64129395
35.66723475,139.641456425
35.659846525000006,139.64140985
35.65799965,139.64154295
35.655435049999994,139.63373495
35.653439575,139.63384915
35.6510712,139.635899875
35.650433025,139.6363334
35.65011925,139.636875025
35.650254200000006,139.637133525
35.649190499999996,139.636358275
35.648783175,139.63634472500001
35.648566849999995,139.63611087499999
35.64811265,139.63605467500003
35.6478377,139.6356744
35.65069445,139.63443615
35.650844475,139.6332792
35.655399475,139.630796
35.657652625,139.6265085
35.649409649999996,139.62421445
35.648045975,139.623940375
35.646737975,139.62358909999998
35.648134625,139.61981077500002
35.64726245,139.617588475
35.6534321,139.61525045
35.6497929,139.6083214
35.652758275,139.608839175
35.645664000000004,139.608604025
35.644714050000005,139.608656975
35.6440441,139.608788625
35.64334975,139.6084572
35.64320815,139.60741059999998
35.638495625000004,139.610009975
35.63087745,139.603614675
35.642224275,139.597152025
35.6438762,139.588897325
35.636779825,139.586544575
35.634563025,139.585533975
35.6315662,139.586658225
35.628618275,139.58197374999997
35.636126899999994,139.579538
35.6387019,139.575097575
35.6421083,139.57600167500001
35.645479675000004,139.577533875
35.645841499999996,139.57352905
35.632616675,139.571588375
35.642607675,139.54152182500002
35.644539975,139.536839925
35.647343475,139.53350747500002
35.652754175,139.534242575
35.654110124999995,139.53035839999998
35.655664475,139.529381
35.655562425,139.52933575
35.661793175,139.524839725
35.660298525,139.52073325
35.6641816,139.518105425
35.663571825,139.50899675
35.66954865,139.506159275
35.6666562,139.503864975
35.6695842,139.495733475
35.669169775,139.49390985
35.6708468,139.49380975
35.6735666,139.4932633
35.67271185,139.4830141
35.67252655,139.482260425
35.67244545,139.4814541
35.67169945,139.48049484999999
35.671723500000006,139.47860302499998
35.672231499999995,139.4775215
35.673116025,139.478096575
35.672629275,139.47634425
35.6719707,139.4762129
35.670763674999996,139.4767675
35.670070725,139.477129125
35.669167525,139.477638475
35.669729775,139.48033237500002
35.6718347,139.481873875
35.676513075,139.479918275
35.67181625,139.474331775
35.67198745,139.470114225
35.66942475,139.46906355
35.668893624999995,139.4690711
35.66834215,139.470269175
35.6662125,139.4759478
35.680674575,139.477576775
35.684551175,139.4796203
35.69186755,139.4676366
35.694573525,139.46036172499998
35.6858359,139.456794925
35.676669075,139.4553523
35.680750575,139.4482392
35.684362875,139.446814575
35.6874004,139.445819225
35.686444725,139.435397575
35.6856748,139.4295047
35.692342374999996,139.42589725000002
35.6933283,139.42169202500003
35.69351795,139.41824915
35.693054325,139.417486725
35.689794074999995,139.4118777
35.686293025,139.41419775
35.687741025,139.41591855000001
35.69505265,139.411930475
35.695494675000006,139.41364435
35.697065425,139.412396675
35.697355825,139.4114803
35.6981023,139.41105685
35.698895875000005,139.4138126
35.699648950000004,139.4140393
35.699613475,139.41514174999998
35.70020925,139.41532525000002
35.69992365,139.416377725
35.70140105,139.41685495000002
35.702115174999996,139.41532152499997
35.700839625,139.41228785
35.697366900000006,139.4148587
35.696404925,139.415291125
35.696948000000006,139.416249875
35.696113475000004,139.41617424999998
35.696868025,139.417811825
35.698561325,139.417088925
35.6985493,139.419015125
35.70082105,139.419172275
35.709269924999994,139.422909575
35.714325325,139.42467795
35.721067725,139.4269659
35.720880475,139.436027825
35.73431755,139.4342029
35.7347541,139.4351914
35.736672925,139.44482945
35.746723450000005,139.44056575
35.747167675,139.438756975
35.747877775,139.4232194
35.7433703,139.413771875
35.736866524999996,139.417281125
35.7265875,139.41797525
35.721789650000005,139.4110308
35.731096824999995,139.389258375
35.719834625000004,139.376383275
35.7109255,139.377558175
35.7112174,139.374882375
35.708901475,139.37349175000003
35.708952,139.3682986
35.713559425,139.364055425
35.71276280000001,139.36011767499997
35.710008075,139.35412575
35.709915275,139.34626275
35.722155475,139.3388472
35.724377575,139.33359660000002
35.733682125,139.3336252
35.736652625000005,139.32873074999998
35.740357700000004,139.32723755
35.741957799999994,139.32825995
35.74201835,139.330308325
35.74464225,139.33215825000002
35.7453725,139.333743
35.7468341,139.328765975
35.746140499999996,139.32602525
35.7493761,139.324893525
35.74582855,139.32318237500002
35.754274525,139.32141875
35.75737615,139.31940742499998
35.760724675,139.3193904
35.7580736,139.31633465
35.7592131,139.3146088
35.7604498,139.3150514
35.7610784,139.314869875
35.763921575,139.31416455
35.75920725,139.313698
35.7670718,139.311700825
35.771061450000005,139.30902065
35.7715945,139.305996575
35.77454277499999,139.3027315
35.776656925,139.304043425
35.777859424999995,139.30333735
35.778781775,139.301433875
35.7802479,139.30061115
35.78039195,139.29645225000002
35.78017187499999,139.29374074999998
35.78019055,139.288497175
35.78389955,139.2897623
35.783896375000005,139.286708175
35.7835124,139.28439415000003
35.785515625,139.28524395
35.78934475,139.28490097499997
35.790654,139.2825446
35.7880965,139.292633625
35.7993902,139.29381080000002
35.8028274,139.302531175
35.79438880000001,139.30792739999998
35.787311599999995,139.309431675
35.78495525,139.30987532499998
35.77929785,139.30585482499998
35.776363974999995,139.302537925
35.763927625,139.306295925
35.7627327,139.3226634
35.762129825,139.3268612
35.77246555,139.33278852499998
35.7797364,139.3320649
35.771276625,139.34814627499998
35.766448175,139.354491575
35.761556875,139.35838425
35.760267975,139.3591154
35.750935874999996,139.375193925
35.753603225,139.380388875
35.753334275,139.38790675
35.7496308,139.389430975
35.73852,139.403906975
35.701438724999996,139.399635725
35.69374057499999,139.395583375
35.705424975,139.383458125
35.701064,139.37505925
35.68793,139.37147124999998
35.6786905,139.3817985
35.6710146,139.37698747500002
35.6684865,139.376399325
35.66606935,139.374521925
35.664398625,139.37778342500002
35.662886725,139.378563275
35.660725325,139.37968665
35.6626723,139.379203475
35.6694186,139.381385625
35.67585825,139.392044975
35.67954575,139.39351615
35.68032475,139.39325250000002
35.680447375,139.392695275
35.6792236,139.395547375
35.678214874999995,139.397406275
35.676375575,139.407474525
35.664071775,139.40968525
35.662158075,139.41194464999998
35.662264675,139.4123918
35.6614035,139.4134152
35.660769574999996,139.4138146
35.65648545,139.415161575
35.644123825,139.408993475
35.634826575,139.41255877499998
35.63343745,139.424751325
35.62643825,139.42635535
35.623623125,139.42523115
35.62487815,139.4235405
35.62125695,139.422435925
35.619369225,139.426217575
35.623887825,139.43008600000002
35.627174225,139.4300253
35.6292725,139.43477885
35.6333099,139.44283130000002
35.63248235,139.44717235
35.6298849,139.44836265
35.6311179,139.45268564999998
35.63470625,139.457135325
35.62386725,139.472211475
35.621650625,139.49010777499998
35.637377325,139.4985238
35.641515250000005,139.50270755
35.639870175,139.50550395
35.6479348,139.49315615
35.64849015,139.48875245
35.661827,139.5082218
35.638524499999995,139.51822495
35.63311975,139.5163002
35.660455,139.540064175
35.6715383,139.546045375
35.681176625,139.547407175
35.684234399999994,139.54288957499998
35.682213524999995,139.52748065
35.676996075000005,139.517968575
35.681785925,139.51424515
35.691315624999994,139.5059574
35.697733075,139.5055977
35.701008525,139.504795075
35.700640250000006,139.50586625
35.70011515,139.50670535
35.7016777,139.50715897499998
35.702327025,139.50704770000002
35.705233150000005,139.508972025
35.713276050000005,139.517797275
35.72340465,139.51430055
35.726579575,139.51390807500002
35.727001025,139.512495725
35.726451525,139.507854775
35.73203315,139.50271725000002
35.72432985,139.497978925
35.72926725,139.48755872499999
35.741230675000004,139.487891775
35.73057455,139.4763107
35.7284305,139.47465225
35.731308275,139.466714325
35.72939305,139.4603252
35.715541474999995,139.46895750000002
35.716612250000004,139.455240775
35.713883925,139.451904725
35.702707524999994,139.45191345
35.701010525,139.44639267500003
35.6978105,139.44731925
35.69727775,139.44804975
35.697150525,139.4461114
35.696268875,139.443921275
35.695054925,139.451597875
35.700025499999995,139.4646525
35.699665575,139.465394725
35.700535575,139.46715172499998
35.704585775,139.46904525000002
35.7011916,139.47970607500002
35.700569675,139.48067802499997
35.699761575,139.48571675
35.69130825,139.495136575
35.69229155,139.498849725
35.69014025,139.498020925
35.710498425,139.49569855
35.71982585000001,139.50126682500002
35.740489075,139.504223775
35.75030325,139.50894695
35.75257859999999,139.50578822499998
35.76504785,139.4973714
35.77609875,139.501907825
35.77806855,139.49611887499998
35.778032925000005,139.49507365
35.778041875,139.4939694
35.777205775,139.491854625
35.76489495,139.480263825
35.75865160000001,139.4695864
35.759712549999996,139.466937825
35.760858675,139.46734465
35.760784550000004,139.465350325
35.749137375000004,139.472199825
35.74219265,139.463835075
35.741357725,139.48880915
35.7441245,139.518141625
35.744066225000005,139.5289875
35.7472898,139.532137075
35.760684725000004,139.52262629999998
35.767997550000004,139.5164567
35.769511,139.51706215000002
35.770629150000005,139.51843642499998
35.771313475,139.51959192500001
35.7716649,139.5201644
35.772705175,139.519663625
35.773448425,139.52035285
35.761500875,139.54341875
35.75293495,139.54455995
35.752478775,139.5450647
35.75090965,139.544015
35.739365175,139.542195725
35.730842875,139.54065845
35.72852685,139.54170614999998
35.7286934,139.539179
35.727090725,139.539072275
35.727014874999995,139.540452475
35.7270493,139.539948825
35.718002075,139.54411770000002
35.71272895,139.5428649
35.71113265,139.54268309999998
35.708849275,139.54205969999998
35.704132775,139.543979175
35.703099725,139.5436975
35.702498899999995,139.54362245
35.7015288,139.54258099999998
35.701087825,139.5411705
35.70628227499999,139.54694947500002
35.7069799,139.5592383
35.705148124999994,139.56108450000002
35.704110475,139.56170674999998
35.704768025,139.56311075000002
35.702212325,139.561931875
35.701450875,139.56087915
35.6997052,139.56079175
35.700462275,139.56178857499998
35.713265275,139.5603537
35.719773149999995,139.554188025
35.728447225,139.55390115
35.73218795,139.541855575
35.730576150000005,139.534719625
35.7331015,139.52740735
35.728715925,139.524176575
35.701730375,139.52337772500002
35.701531474999996,139.52514802499996
35.6993545,139.52348175
35.697496,139.525193075
35.676711525,139.56749385
35.6743515,139.567427875
35.6674478,139.57209565
35.67731954999999,139.57664012499998
35.67904455,139.57632467499997
35.670525575,139.588238925
35.685405625,139.59902985
35.687545825,139.59987545
35.68780805,139.600801125
35.68810795,139.5991974
35.687759975000006,139.60457240000002
35.68766095,139.61023765000002
35.696742625,139.607656425
35.690490675,139.616088625
35.68919055,139.618545875
35.689379025,139.6191021
35.693075125,139.619922325
35.6976314,139.61755375
35.699155575,139.61692680000002
35.70192125,139.61881535
35.70278545,139.62000615000002
35.7026761,139.61720962500002
35.703927275,139.618215575
35.70473455,139.6176877
35.7049496,139.617593125
35.705170474999996,139.618287475
35.705538849999996,139.61900155
35.705512825,139.6202155
35.706539975,139.62019575
35.707106325,139.619210975
35.7048158,139.62140269999998
35.705108325,139.6217542
35.7048068,139.62192457499998
35.70487575,139.62218345
35.704947374999996,139.62229165
35.705095975000006,139.62236642500002
35.705551375,139.6226942
35.704201325,139.623320425
35.70643065,139.623860675
35.707272675,139.6230628
35.70379655000001,139.62137287500002
35.703854225,139.62107252500002
35.703167449999995,139.6212926
35.7035628,139.62567125
35.702296475,139.62878490000003
35.705482625,139.632460975
35.705415625,139.6339672
35.70503505,139.634589625
35.705141,139.635179425
35.705253575,139.63551347499998
35.70518435,139.6356665
35.705263,139.63577377500002
35.705016075,139.635889325
35.70602195,139.6361509
35.706560775,139.635868225
35.7075031,139.63553385
35.708672775,139.634841075
35.70910485,139.635379475
35.7104309,139.6351085
35.712844525,139.63488745
35.71348225,139.63267852500002
35.7150528,139.631871625
35.715639325,139.62466385
35.715217425,139.63714094999997
35.71008145,139.640033975
35.705832275,139.63926060000003
35.705309050000004,139.63834225
35.704817475,139.63865084999998
35.704827025,139.63763820000003
35.704940825,139.637351525
35.70507085,139.6371312
35.704780924999994,139.637044525
35.704356275,139.63700855000002
35.703940450000005,139.637036725
35.703263875,139.637607025
35.703721175,139.63859555000002
35.704147125,139.63536625
35.70408355,139.634790125
35.7045721,139.634551675
35.7030349,139.633996025
35.700548749999996,139.63362494999998
35.699813275000004,139.634868525
35.69956702499999,139.63532575000002
35.6996535,139.63642472499998
35.699952175,139.6374576
35.701423524999996,139.63682835
35.701976425,139.6359871
35.699626625,139.63718335
35.69851305,139.63854885
35.697541300000005,139.63981275
35.69782915,139.642705575
35.697670625,139.64408329999998
35.69778085,139.645763225
35.697877075,139.646191275
35.697886100000005,139.6471499
35.697791725,139.64731335
35.69790395,139.648093775
35.6981128,139.64953075
35.69797385,139.65083470000002
35.6979051,139.6526156
35.697918475,139.654762525
35.698174699999996,139.656085875
35.698172650000004,139.657805225
35.698139325,139.6586327
35.697892075,139.6588754
35.6975757,139.659797525
35.699800375,139.65891712500002
35.70209895,139.65613244999997
35.70419505,139.65509225
35.705852875000005,139.6554277
35.706420175,139.65979655
35.707208324999996,139.6619857
35.71004575,139.663582575
35.709274025,139.664993075
35.709902650000004,139.666369825
35.71002755,139.666714875
35.709090825,139.66666494999998
35.708555575,139.6663702
35.708172325,139.665746775
35.707808775,139.665522625
35.70689995,139.66576345000001
35.70658075,139.6661009
35.7067651,139.66635555
35.707408275,139.66662745
35.708604,139.66714875000002
35.710131525,139.6680361
35.711074775,139.66696575
35.711633449999994,139.667367725
35.712598425,139.667518875
35.713282325,139.66852375000002
35.71407765,139.6693833
35.7151893,139.670545875
35.715671975,139.67147980000001
35.7155529,139.67245839999998
35.7164266,139.67192605
35.7169823,139.672223925
35.718100650000004,139.67300817499998
35.718480875,139.668023625
35.7191925,139.66426272500001
35.719367425,139.66194372500001
35.7237515,139.663426025
35.722981875,139.654653475
35.7230414,139.652871525
35.723340300000004,139.651693675
35.7218288,139.651251625
35.71928225,139.652596625
35.717666775,139.653204825
35.711176025,139.6524152
35.709357225,139.65112155000003
35.70875362500001,139.65165455
35.707607474999996,139.65143585
35.7072413,139.65003547499998
35.707284349999995,139.649713775
35.708165625,139.64977025000002
35.708645950000005,139.6497125
35.70938445,139.649941175
35.71011145,139.6492519
35.70745625,139.647882225
35.70620095,139.64759625
35.7059409,139.64829749999998
35.70561605,139.648707525
35.7057448,139.64890767499998
35.705352875,139.6492101
35.705082950000005,139.64897025000002
35.70514355,139.64854449999999
35.705146674999995,139.648130175
35.705149575,139.64774495
35.70487965,139.64740337499998
35.704385275,139.649201975
35.703952,139.649837625
35.704554375,139.650362625
35.70495835,139.6508573
35.705300075000004,139.6509771
35.70596315,139.6500642
35.705617475000004,139.651314875
35.7041598,139.651355575
35.702485349999996,139.6506721
35.70322465,139.648996575
35.703402575,139.64769487499998
35.702816274999996,139.64717067499998
35.70146095,139.6476251
35.700754525,139.64747922499998
35.69986695,139.647600125
35.69863495,139.6430277
35.693595775,139.640726575
35.691479125,139.63986495
35.692098425,139.6290474
35.684118000000005,139.628304675
35.68398775,139.62737357499998
35.6827969,139.627752625
35.681906075,139.62714635000003
35.681565275000004,139.62707095000002
35.681601575,139.62792915
35.6821258,139.628432375
35.6821729,139.626385875
35.681493700000004,139.62831185
35.6806385,139.633182375
35.67890015,139.63617445
35.680119225,139.63719099999997
35.677997350000005,139.6411151
35.6754426,139.6433937
35.6765796,139.64418262499998
35.677453625,139.64443620000003
35.676980650000004,139.64607647500003
35.6687137,139.649354275
35.66819635,139.650362475
35.669438299999996,139.6506694
35.6698274,139.6507541
35.670654125,139.653399225
35.662655525000005,139.655000925
35.662684,139.658397175
35.66146855000001,139.66013125
35.660325400000005,139.66547685
35.661563825,139.666031025
35.662546025,139.666457025
35.66102675,139.66754945
35.660210025,139.66753415
35.659871975,139.6677123
35.659546575,139.667379
35.65920935,139.66714785
35.65687885,139.6675018
35.6619088,139.66879649999998
35.6627211,139.667994075
35.663389325,139.66872417500002
35.663173575,139.669797075
35.66492517499999,139.669798975
35.66469265,139.666304475
35.67029505,139.6651456
35.67296565,139.66222065
35.67241755,139.66006075
35.67209155,139.65852882500002
35.6699487,139.658726175
35.6815104,139.65675055
35.683512300000004,139.65629710000002
35.687528875,139.65113732499998
35.692500949999996,139.65479815
35.69661635,139.66149954999997
35.69739977500001,139.6643965
35.697596975,139.666015075
35.6985818,139.668219625
35.69749005,139.66910345
35.697617875,139.670257
35.697624399999995,139.67122522499997
35.697480375,139.67226134999999
35.697682475,139.673788725
35.697556774999995,139.6761429
35.697199875,139.680136275
35.697075775,139.68244199999998
35.69781905,139.683684825
35.694734075,139.68685607499998
35.692362225,139.687036575
35.691812049999996,139.686885125
35.69143245,139.687484275
35.690276025,139.68755255
35.689330999999996,139.68763744999998
35.688123475000005,139.688035625
35.690087175,139.68528249999997
35.690578825,139.68362055
35.684703275000004,139.686428275
35.6840751,139.688354075
35.682505525,139.6839501
35.6798868,139.68378374999998
35.68019865,139.686867
35.6798895,139.6870848
35.679644499999995,139.687133275
35.68124815,139.69148302499997
35.685116175000005,139.69357724999998
35.68611502500001,139.69703845
35.68738095,139.6970054
35.688236825,139.69742689999998
35.688491375,139.69847959999998
35.6890059,139.69828504999998
35.688925225,139.697922675
35.6888941,139.6977343
35.689044474999996,139.69758385
35.689295375,139.697395125
35.6895434,139.69704325
35.689616900000004,139.696892525
35.689463975,139.69673245
35.689977125,139.69712224999998
35.689536475,139.697194825
35.688826925,139.697130925
35.68856095,139.6968838
35.688000725,139.695471975
35.6872488,139.7000389
35.686817875,139.699671225
35.688246925,139.702302925
35.6901679,139.70245577499998
35.69055225,139.70129595
35.691339075,139.70209375000002
35.690758125,139.702872775
35.690649675,139.703335425
35.690233424999995,139.70343687499997
35.691717174999994,139.703586025
35.692605825,139.70214235
35.693048425,139.70176099999998
35.693997949999996,139.70157275000003
35.694438,139.701763975
35.694040400000006,139.70112585
35.694600824999995,139.700842
35.69450785,139.700465825
35.695438949999996,139.7010189
35.694283025000004,139.699125375
35.694196,139.69910865
35.69447845,139.69882174999998
35.6945058,139.6984048
35.6944253,139.6982728
35.6944403,139.6981964
35.69480605,139.69843675
35.6952247,139.69862
35.695532275,139.698708325
35.696047899999996,139.6985491
35.695961125000004,139.698138
35.696373625,139.6978861
35.696334475,139.698379525
35.696701525,139.69812645000002
35.69728135,139.69747335
35.6967364,139.696711725
35.69657492499999,139.69669695000002
35.6961996,139.696497825
35.69529335,139.69630560000002
35.695298925,139.69692577499998
35.695121475,139.697245425
35.6948086,139.697134375
35.6941054,139.698065475
35.694020249999994,139.6978854
35.693968325,139.69792285
35.693938149999994,139.69868815
35.693379425,139.698886675
35.693267075,139.69973099999999
35.691963425,139.70019147500003
35.693434175,139.70228305
35.69351845,139.704032
35.693534625,139.704694325
35.694754375,139.70340612500001
35.694287025,139.704113575
35.692322475,139.70546475
35.69089755,139.706366275
35.690145425,139.706609425
35.690126475,139.7076241
35.689595275,139.7080168
35.6893127,139.708632675
35.690636350000005,139.708316825
35.690924100000004,139.71034534999998
35.68966525,139.71164332499998
35.68940417499999,139.71388985
35.69142815000001,139.71674345000002
35.691723675,139.71988425
35.692233949999995,139.720929175
35.693229725,139.7211337
35.6939471,139.72087775
35.694312475000004,139.720694725
35.6949802,139.72026092500002
35.700711049999995,139.717899025
35.696821924999995,139.71426094999998
35.697919075,139.708579975
35.698090675,139.70712127500002
35.698577424999996,139.705391825
35.698419325,139.703752125
35.698567825,139.702514225
35.6998741,139.7021562
35.70143685,139.70174605
35.701458425,139.7000607
35.699783149999995,139.69947167499998
35.7000379,139.69795185
35.701496275,139.698011475
35.701747974999996,139.698140125
35.70169395,139.697433875
35.701947375,139.6965342
35.701699975,139.6957693
35.70210785,139.69500889999998
35.70186125,139.69287625
35.701572075,139.6917181
35.6960815,139.69092965
35.695085475,139.691555875
35.695072425,139.693117575
35.6932541,139.694251425
35.694931475,139.695795775
35.694658875,139.696357275
35.690845725,139.6932251
35.69047795,139.6917362
35.699911,139.699304925
35.702081175000004,139.707211675
35.703437325,139.70868217500004
35.705136975,139.70804295
35.70854595,139.708474525
35.7104712,139.709570475
35.7107559,139.7102449
35.71171735,139.70956552500002
35.7114751,139.710731425
35.7109641,139.711842
35.710657875,139.7122435
35.710519024999996,139.71251665
35.710077025,139.71370735
35.708900825,139.71701745
35.706474275,139.718082375
35.70630505,139.71926425
35.70614935,139.720033925
35.706239175,139.72095785
35.70747795,139.7228237
35.7095909,139.72556805
35.709276849999995,139.72966325
35.700370025000005,139.7258385
35.6979405,139.726125
35.694129125,139.72552515
35.697042875,139.724884425
35.691845875,139.70676165
35.683962775000005,139.7036013
35.6816321,139.70459689999998
35.681670275,139.70214565000003
35.6800307,139.7018373
35.6763624,139.7072302
35.67421915,139.70901887500003
35.674672799999996,139.711676875
35.675808724999996,139.71133
35.67446699999999,139.70525755
35.6718932,139.70344
35.671222425,139.704324725
35.670985375,139.7051798
35.6701627,139.70395315000002
35.6711073,139.69914657500001
35.674389025,139.686005475
35.677999875,139.68098197499998
35.677812175,139.67806775
35.677675225,139.677527075
35.676885275000004,139.676203475
35.67819945,139.675788975
35.676511675,139.672423125
35.677648149999996,139.66996354999998
35.674441599999994,139.66970292500002
35.67778225,139.66864402500002
35.68429625,139.670296
35.69019735,139.66915152500002
35.69090275000001,139.667170875
35.691135724999995,139.665355625
35.693782825,139.670135325
35.691486375,139.67529610000003
35.69148145,139.67660065
35.701491250000004,139.677899225
35.701448649999996,139.678181325
35.70603065,139.67643462499998
35.7036021,139.67134487500002
35.705696100000004,139.6691006
35.7096926,139.670278275
35.70879445,139.67445844999997
35.705086949999995,139.66675585
35.705253975000005,139.665338275
35.704545100000004,139.6650289
35.7037155,139.665778975
35.703267874999995,139.66565365
35.7027825,139.6658028
35.70105235,139.665437
35.700352075,139.663996525
35.70742735,139.6657155
35.71289885,139.665542675
35.717235025,139.6491304
35.720425125,139.6452423
35.72989895,139.648397
35.726184075,139.64006265
35.723783225,139.638733825
35.723236675,139.63811362500002
35.722967175,139.63801405
35.723898625,139.63807572500002
35.724420675000005,139.63823892500002
35.721617175,139.63741765000003
35.727198675,139.629153375
35.733818975000005,139.6389628
35.7355355,139.638520175
35.736298025,139.6381728
35.736736125,139.6380993
35.737348575,139.63798524999999
35.73745815,139.63775222499999
35.738525249999995,139.63746002500002
35.738266374999995,139.63874794999998
35.73635867499999,139.6389752
35.73497315,139.631398425
35.734267125,139.627638975
35.718992775,139.620592125
35.709643325,139.614185975
35.707323,139.6157366
35.705021375,139.61400665
35.705043775,139.61671984999998
35.70717425,139.6129384
35.7039487,139.603662175
35.7038127,139.60156125
35.70353695,139.601013525
35.704219499999994,139.60048369999998
35.703310775,139.6003507
35.703066275,139.5997879
35.703401125,139.599291925
35.704182425,139.59984335000001
35.704316925,139.59894637500003
35.704769375,139.6001072
35.704956249999995,139.5993571
35.705073399999996,139.5975953
35.704907025,139.59729925
35.706703375000004,139.594851575
35.706824975,139.593489075
35.701843624999995,139.5996738
35.70012667500001,139.58312055
35.7269018,139.58751160000003
35.7451572,139.59067850000002
35.748266025,139.583951725
35.747959125,139.5829411
35.748406025,139.579776
35.7481835,139.571298125
35.747037025,139.56995047499998
35.7483322,139.567138425
35.756041375,139.583059525
35.77022207500001,139.58701365
35.768835775,139.59514624999997
35.76222425,139.607983725
35.7618186,139.613414325
35.7588945,139.62118642500002
35.758552775000005,139.63368005
35.75751735,139.651329025
35.75491302499999,139.65561115
35.769066225,139.65888015000002
35.769018525,139.66075747500003
35.76894935,139.661530825
35.7682894,139.66322755
35.76459255,139.6712022
35.76400125,139.67608554999998
35.76068305,139.67760752499998
35.754380025,139.67170645
35.750174525000006,139.6645851
35.741641175,139.67144785
35.737877275,139.671859425
35.7372069,139.67175475
35.736680625,139.6726301
35.73666465,139.670433025
35.73404465,139.67102025
35.73375825,139.67448595000002
35.7335963,139.67520234999998
35.7246992,139.675730775
35.722410499999995,139.680913525
35.72289175,139.68356855000002
35.72028075,139.67572060000003
35.714410425,139.684199225
35.71048515,139.684262825
35.709808699999996,139.68438722500002
35.7089009,139.68208775
35.707970724999996,139.68214032499998
35.707300525,139.682338775
35.70670525,139.68261105
35.705479075,139.682876225
35.705760225,139.68392210000002
35.706611425,139.6846575
35.706866025,139.685679925
35.708345675000004,139.68686334999998
35.7095099,139.687759075
35.7109776,139.68690112500002
35.71195052499999,139.687022675
35.71120057500001,139.69045615
35.71444685,139.69056875
35.715526874999995,139.687964425
35.714839425,139.6873037
35.722172975,139.691266525
35.722591300000005,139.69357472500002
35.7251578,139.6953115
35.722228199999996,139.70061412500002
35.722553325,139.70403779999998
35.722119275,139.70526425
35.722463874999995,139.70636702500002
35.7207967,139.706593325
35.715161300000005,139.706485925
35.713810575,139.70594384999998
35.71356355,139.7060275
35.71288315,139.706064025
35.71294175,139.705120625
35.71318595,139.704560275
35.714248525,139.703580375
35.714070875,139.7029157
35.714910875,139.702727925
35.715805175,139.703219525
35.713141825,139.70139875
35.712740075,139.7004865
35.712131825,139.69921005
35.711792375,139.697512625
35.71366715,139.700725925
35.711525824999995,139.7041255
35.712412549999996,139.70664197500003
35.7122363,139.707131925
35.711738625,139.7077109
35.71275995,139.708295575
35.7144134,139.709808475
35.709549225,139.70009065
35.710155400000005,139.694627325
35.708302925,139.6935831
35.704365025,139.68841379999998
35.703430175,139.68258357500002
35.709458850000004,139.68078815
35.7233541,139.68749102499999
35.72789825,139.6840489
35.73647415,139.686136825
35.7377688,139.6900451
35.7431524,139.686229825
35.733813525,139.69984649999998
35.7337914,139.70178057500002
35.7355465,139.705197475
35.746813325,139.7044078
35.751050425,139.70897217499999
35.752123425,139.71034319999998
35.75227365000001,139.71078925
35.75338095,139.709798
35.7523897,139.71150820000003
35.7518692,139.712256675
35.750760775,139.71197402500002
35.75424565,139.7093893
35.75567905,139.70876764999997
35.761007575,139.709701075
35.7507013,139.71414937499998
35.749037799999996,139.7148568
35.746678525,139.719770325
35.740004850000005,139.730295775
35.73800775,139.73148767499998
35.737472225,139.732270625
35.736667675,139.733676425
35.735558525,139.735367575
35.734944375,139.73687505
35.733305224999995,139.73888245
35.734616675,139.74133045
35.7368902,139.74584852499999
35.7386891,139.746325775
35.736076375,139.747333
35.738457374999996,139.748677575
35.737573675,139.749343925
35.7368121,139.750080475
35.73633875,139.7501205
35.73658195,139.7496227
35.736094300000005,139.749964925
35.740796474999996,139.746610775
35.74508115,139.74362697499998
35.734750149999996,139.74680074999998
35.730937575,139.74793004999998
35.730064775,139.74672189999998
35.724278725,139.7456893
35.71818095,139.737822875
35.717252349999995,139.7368174
35.716709975,139.738290075
35.717607400000006,139.73715822499997
35.713153175,139.74754615
35.71225905,139.75111045
35.713052450000006,139.751697675
35.71308435,139.75186904999998
35.7108499,139.75148605
35.711120225,139.75335535
35.71141865,139.754947125
35.710179075,139.754426475
35.707884275,139.752650475
35.708376025,139.75045830000002
35.705872375,139.74558565
35.705278775000004,139.75450965
35.706987225000006,139.759398025
35.7145998,139.76282172499998
35.717588975000005,139.7649715
35.7178398,139.76507055
35.71751995,139.76591552500003
35.71840955,139.765151475
35.718668300000004,139.764624125
35.71895055,139.7663679
35.718346600000004,139.7669469
35.718227275,139.766313875
35.716577275,139.766550075
35.716332574999996,139.766670525
35.715051825,139.7689591
35.711777749999996,139.7683163
35.7146251,139.77392095000002
35.720058574999996,139.771307825
35.725400625,139.77454155
35.727466975,139.77293029999998
35.7284875,139.772448375
35.728970575000005,139.772186625
35.728199525,139.77018915
35.727153225,139.7682754
35.727506775,139.76527605
35.724764199999996,139.766608375
35.72496885,139.7641637
35.72487635,139.76316625
35.72522135,139.76254365
35.72507725,139.7632084
35.721600675,139.76253119999998
35.720409950000004,139.764352525
35.727885225,139.76298155
35.732335250000006,139.767148825
35.733108325,139.76822592500002
35.733404400000005,139.7686268
35.7343363,139.7696189
35.737481925000004,139.77013075000002
35.737589775000004,139.77256970000002
35.7421716,139.771774825
35.74428155,139.774158325
35.746006324999996,139.77035147499998
35.7448373,139.76736885
35.74834925,139.767393325
35.742437925000004,139.7790578
35.741206325,139.779595625
35.743115,139.7809307
35.7443452,139.78140365000002
35.74579195,139.7823798
35.746860025000004,139.7832196
35.747926275,139.7842409
35.74941,139.7851268
35.754873975,139.79031655
35.766571575,139.78653835
35.766124725,139.79566475000001
35.771580925,139.797611325
35.771892574999995,139.798977925
35.77154925,139.802804325
35.763813125,139.80561540000002
35.765539974999996,139.80814012500002
35.764612875,139.814985525
35.762621775,139.82312875
35.761875575,139.824694225
35.761218074999995,139.8262318
35.76190925,139.8272958
35.75737525,139.82502524999998
35.754654,139.827598725
35.7522403,139.8284375
35.749493625,139.82770332500002
35.7484996,139.827403125
35.7484272,139.82701595
35.74779055,139.82694405
35.747417850000005,139.8269962
35.746829049999995,139.82650925000002
35.7468159,139.826190475
35.746526825000004,139.82611235
35.743549200000004,139.834009775
35.744447324999996,139.8407258
35.7476875,139.84068595
35.7485237,139.83957505
35.74886995,139.839081275
35.748604625,139.84342385
35.759910825,139.8433018
35.751635574999995,139.852871825
35.746923925,139.856218575
35.74590225,139.85577857500002
35.74573605,139.85505892499998
35.745040825000004,139.855404125
35.7462054,139.855834375
35.743492425,139.852489375
35.740849825,139.8499493
35.73770842500001,139.84914692499999
35.73727925,139.84505082500002
35.736583849999995,139.842330775
35.733897675,139.86060250000003
35.723340225,139.85326565
35.719994400000004,139.858429725
35.714596424999996,139.857508125
35.723554375,139.86470429999997
35.731775525,139.8704571
35.714029525,139.874883575
35.708537925,139.86672280000002
35.7043519,139.873302125
35.69935315,139.88180937500002
35.696834775,139.89479872500002
35.691634275,139.8972975
35.695026375,139.9015204
35.6916321,139.9069643
35.703998275000004,139.90803725
35.705909125,139.902719225
35.70579475,139.89897215
35.689797150000004,139.88218167500003
35.68793645,139.881760175
35.685974,139.88148565
35.6850742,139.8817786
35.684451825,139.88059314999998
35.68477005,139.865188275
35.683607699999996,139.86409079999999
35.6814612,139.8622273
35.666427875000004,139.85669794999998
35.66447145,139.85775465
35.663493825,139.85900014999999
35.663815825,139.860299675
35.6642387,139.86157305
35.664386525,139.86037837499998
35.658880525,139.86733705
35.657116450000004,139.87237315
35.661412425,139.87357095000002
35.66288005,139.87302234999999
35.663733324999995,139.871904025
35.6573298,139.85274655
35.6720457,139.8355228
35.664892725,139.83487979999998
35.670649875,139.82861677500003
35.670534475000004,139.81554262499998
35.682665225,139.813911275
35.681406675000005,139.8067181
35.68258085,139.805811575
35.680218325,139.79970107499997
35.681994325,139.79776025
35.68601055,139.798519225
35.68845725,139.79458175
35.692901449999994,139.79345245
35.694723525,139.79392975
35.695373375,139.794134225
35.694672600000004,139.79522867499998
35.69486595,139.79626425
35.69522785,139.7977698
35.6962803,139.7982248
35.698027350000004,139.79801425
35.70037475,139.800037
35.703560450000005,139.794256125
35.7056842,139.79368325000002
35.70769235,139.79394375
35.70828525,139.7958557
35.7093162,139.795505125
35.710066425,139.79678934999998
35.711018025,139.79595354999998
35.711126500000006,139.795572975
35.710827225,139.7944081
35.7116446,139.793919925
35.711497124999994,139.793426025
35.712220349999996,139.79385052499998
35.7126182,139.793329475
35.712435725,139.79253355
35.71195335,139.792453925
35.712901450000004,139.79203805
35.711573824999995,139.79124532499998
35.710117025,139.79168760000002
35.71006835,139.790934
35.7107698,139.78691247499998
35.71106195,139.7843171
35.714113525,139.784981875
35.714725,139.78722215
35.715481325,139.7835247
35.713854024999996,139.782318025
35.712180599999996,139.7823295
35.71128595,139.78196155
35.709915550000005,139.78115839999998
35.710815125,139.7801328
35.710919825000005,139.779003125
35.71184625,139.77914810000001
35.711674225,139.7778546
35.71266605,139.77764725
35.711396575,139.776211575
35.711100675,139.775576975
35.71015065,139.77571195
35.7097263,139.777345025
35.7089993,139.77769464999997
35.708813975,139.77846722499999
35.70772995,139.77848215
35.707252000000004,139.77827115
35.70700595,139.779688625
35.70768025,139.78063105
35.705722375,139.78137049999998
35.704223,139.78079745
35.704248150000005,139.77973945
35.705226675000006,139.778849925
35.704737,139.77777065
35.706053475000004,139.77696515
35.704500525,139.7766488
35.70340485,139.7767997
35.703986225,139.77555135
35.70504575,139.77518405
35.703997075,139.77393505
35.703532025,139.7731862
35.704966475,139.77297407499998
35.706180975,139.77261825
35.705831525,139.77370222500002
35.70253925,139.77593065000002
35.70100385,139.775895925
35.701011925,139.776367075
35.70042775,139.77668107500003
35.700072825,139.77730072499998
35.701325174999994,139.77709425
35.701876925,139.776988575
35.69991565,139.7759193
35.698822,139.77500859999998
35.698394325,139.77483180000002
35.69852795,139.776294625
35.697455525,139.77627237500002
35.698552125,139.7775092
35.698455349999996,139.778445675
35.697290525,139.77883265
35.694466274999996,139.777198825
35.693142375,139.77942705
35.692386225,139.77905635
35.69045105,139.7781105
35.6895505,139.777247775
35.689536675,139.776836075
35.689096250000006,139.7793179
35.687310825000004,139.78021072500002
35.686485775,139.779437925
35.68585695,139.78229199999998
35.6845934,139.78355737500002
35.682306075,139.78327845
35.682520025,139.78542142499998
35.684204425,139.785662175
35.6845187,139.7860987
35.68449940000001,139.78708905000002
35.68617834999999,139.788184875
35.685737849999995,139.788248775
35.68845755,139.78577795
35.68995735,139.783795
35.687672925,139.78356965
35.69319505,139.78163035
35.695193700000004,139.784591375
35.696370125,139.785996375
35.697314975,139.78541905
35.69749475,139.785390625
35.6976813,139.7852404
35.6977004,139.786081
35.698200225,139.786098875
35.6985088,139.785286175
35.6987334,139.7848383
35.699387449999996,139.784705175
35.698972125,139.783848875
35.7004658,139.783443025
35.698924950000006,139.78134685
35.699076,139.780373325
35.698935575,139.7807616
35.7008627,139.78056295
35.700963800000004,139.7797644
35.701208825,139.78120487500001
35.702453174999995,139.78130047500002
35.702962525000004,139.78071412499997
35.70268435,139.782378575
35.704018725,139.78384505000002
35.701358775,139.784994625
35.7025989,139.78637565
35.700254875,139.786949875
35.699636675,139.78767142499998
35.699267074999995,139.78695255
35.701670175,139.788777325
35.70187855,139.78941185
35.7035317,139.79048697500002
35.704802,139.7905369
35.70638175,139.78747115
35.706578525,139.784312925
35.708090975,139.7830117
35.70912215,139.7777023
35.713922125,139.77864
35.713802125,139.78035160000002
35.717875575,139.78143145
35.72111005,139.780275475
35.72082465,139.779673225
35.722100525,139.78028462499998
35.722883825,139.7796511
35.72350855,139.778317375
35.724265,139.778321325
35.724761475,139.77892815
35.725246575,139.77855095
35.72229895,139.778853875
35.723059775,139.782520225
35.726231625000004,139.78283520000002
35.7282313,139.780837075
35.729522625,139.77749175
35.733316375,139.77908975
35.73349895,139.78102115000002
35.735241275,139.77841482500003
35.735144925,139.7821546
35.73495605,139.784102825
35.735627425,139.7794225
35.7336726,139.79133855
35.73207485,139.791950925
35.73132275,139.791952175
35.730600225,139.79184899999998
35.73095675,139.790462225
35.73197245,139.7941823
35.73278415,139.7976565
35.73406355,139.79838167499997
35.73484405,139.80121287499998
35.736485875,139.802272125
35.737460424999995,139.795735525
35.728661474999996,139.79415682500002
35.726925925,139.790646025
35.724724225,139.793480275
35.723642825,139.795084375
35.724887175,139.79667165
35.721880575,139.7965687
35.7202273,139.79498995
35.7174196,139.795195725
35.71627545,139.793655925
35.71553005,139.792567175
35.714048675,139.79246419999998
35.713751525000006,139.791949025
35.713625525,139.791938375
35.713466025,139.79339564999998
35.7146105,139.794661375
35.712800825,139.7944793
35.712551375,139.79561267500003
35.712713825,139.796470725
35.711986175,139.79669685
35.711604275,139.79736915
35.712000275,139.79827825
35.712938300000005,139.79772375
35.712121075,139.7968373
35.71032075,139.79753045
35.708115549999995,139.8012704
35.7078507,139.803746575
35.71136975,139.806417625
35.714460725,139.80612335
35.711295225,139.81112385
35.709932525,139.814757075
35.70889055,139.818642775
35.7020604,139.82049015
35.7014614,139.8236096
35.699867675,139.82577849999998
35.701261224999996,139.81729885
35.697957325,139.81735502499998
35.69778825,139.81547949999998
35.6980735,139.81494465000003
35.698166975,139.8141764
35.697298775,139.81332135000002
35.695511450000005,139.8128694
35.6950576,139.81483914999998
35.694566475,139.81501517499998
35.693211074999994,139.81444365
35.695283450000005,139.8114535
35.696059,139.8093789
35.70015205,139.81127615000003
35.6998307,139.80731515
35.6948509,139.804322375
35.6947315,139.800538025
35.69490555,139.794292925
35.695732075,139.792633325
35.695967100000004,139.7919042
35.695387125,139.791572975
35.694569800000004,139.79148555
35.695448999999996,139.7909181
35.697199375000004,139.7844476
35.697547,139.78410100000002
35.697604175,139.783597475
35.69730175,139.783356975
35.696090299999994,139.7761825
35.69792965,139.7739894
35.69755325,139.77349675
35.699834025,139.7738841
35.697324475,139.77231510000001
35.693944,139.772136225
35.693269775000005,139.77202127500001
35.692645625,139.77251347499998
35.692909525000005,139.771724925
35.692642275,139.771633475
35.692796775,139.7712835
35.6918229,139.77059400000002
35.691044425,139.76985530000002
35.690935925,139.769048725
35.69018835,139.7687243
35.691076575,139.76800609999998
35.6906498,139.76967005
35.689401175,139.771343075
35.688597425,139.77247789999998
35.691043324999995,139.772442875
35.692830550000004,139.77385385
35.687454325000004,139.774649725
35.68562745,139.77561585
35.68466935,139.77495985000002
35.6840173,139.7757752
35.680145725,139.771464575
35.679143749999994,139.779290575
35.679107725,139.78038112500002
35.679438475000005,139.78289339999998
35.6761415,139.79321895
35.672002500000005,139.794566425
35.672047075,139.795815275
35.670923200000004,139.7970428
35.671411250000006,139.797839775
35.671123025,139.79880392500002
35.671060374999996,139.799112675
35.6684014,139.79879720000002
35.669652049999996,139.8017965
35.673241275,139.7954401
35.675571774999995,139.803248775
35.6887204,139.80992815000002
35.6890253,139.81599459999998
35.686583975000005,139.82345289999998
35.679307375,139.8280605
35.6796267,139.8305415
35.68470885,139.8340264
35.70146927500001,139.8447486
35.706408974999995,139.8438489
35.70693975,139.84149845000002
35.70808985,139.84014704999998
35.723076125,139.818564825
35.723046975,139.804186875
35.723929425,139.8010433
35.726296774999994,139.800394125
35.726283125,139.7942722
35.719029875000004,139.79223095
35.717093925,139.79060677500001
35.71832295,139.78778175
35.719554875,139.78501995
35.72172665,139.7855101
35.716875224999995,139.789229925
35.71560315,139.793864675
35.708218325000004,139.801131025
35.707582225,139.780936125
35.678384425000004,139.76101757499998
35.66476265,139.75753567499999
35.6569252,139.758744525
35.656470925,139.75930212499998
35.656620000000004,139.7594944
35.6567015,139.7595381
35.651797175,139.75931985
35.60575275,139.744827625
35.60474910000001,139.743071125
35.605058375,139.7425672
35.600984175,139.7413398
35.59896595,139.739910075
35.606723349999996,139.73564745000002
35.607560050000004,139.73604717499998
35.5997385,139.73010395
35.589570675,139.731188275
35.58932135,139.729831325
35.588359849999996,139.7289246
35.586471325000005,139.72902555000002
35.586237125,139.7281802
35.586641825,139.72820545
35.589805150000004,139.7278807
35.590928375,139.7273906
35.586419025000005,139.7325189
35.5824888,139.730235675
35.571686574999994,139.730605375
35.57229355,139.7245654
35.578743325000005,139.716073825
35.585967475000004,139.7102062
35.586363874999996,139.7057866
35.579241325,139.699956675
35.573673825,139.704064775
35.572712525,139.70461532500002
35.572491725,139.703801875
35.571955775,139.704858825
35.571958349999996,139.70520242499998
35.572210125,139.703421375
35.573285850000005,139.699516125
35.572526024999995,139.69073492500002
35.574587075,139.681734075
35.582667,139.68371615
35.588783649999996,139.67978625
35.591625575,139.6808033
35.5923725,139.679910575
35.5887654,139.67684652500003
35.590414225,139.670857325
35.600043050000004,139.659140675
35.60644075,139.66661577500003
35.6060717,139.668230325
35.6069206,139.66811645
35.607653150000004,139.6676438
35.607997675,139.66862997500002
35.60856445,139.6689216
35.60834,139.6700921
35.607660974999995,139.669775525
35.60726525,139.670718825
35.608633075,139.67078245
35.609596375,139.669523375
35.6108432,139.66911675
35.606259775,139.67034804999997
35.60368135,139.671762275
35.6047541,139.6721766
35.611192725,139.68354015
35.611024150000006,139.6849082
35.609781075,139.68525904999998
35.609892525,139.68490135
35.608334649999996,139.685479
35.60718285,139.685757125
35.606659125,139.686028575
35.60639765,139.6862627
35.60583725,139.68601354999998
35.605463799999995,139.685619225
35.60009615,139.694289825
35.6021226,139.699089775
35.595708625,139.70266505
35.602208625,139.7082625
35.602243125,139.708516975
35.6033771,139.70793822500002
35.605497025,139.71108320000002
35.595836175,139.711712725
35.609137725000004,139.71179297499998
35.609684,139.7114748
35.610611925,139.71187045
35.6096946,139.70489052500002
35.617916925,139.7062656
35.6187854,139.704465525
35.619045,139.701371425
35.61427215,139.700000325
35.615045775,139.698955625
35.6151358,139.69851194999998
35.61565525,139.69810925000002
35.6143297,139.698513975
35.617861500000004,139.69544895
35.621801575,139.69482215
35.6263887,139.68658175000002
35.6308681,139.67634510000002
35.633373475,139.66757330000002
35.63559365,139.6655074
35.64028985,139.664728825
35.643269375,139.66578990000002
35.643609425,139.662192775
35.642136225,139.65756485
35.64236875,139.65595190000002
35.642843525,139.65501555
35.643370925,139.6552498
35.642734499999996,139.654767875
35.642525625,139.65304650000002
35.642533225,139.65137672499998
35.6429225,139.6493394
35.643095,139.64758155
35.643380725,139.64669990000002
35.650100675000004,139.64290010000002
35.6519,139.646501025
35.653825499999996,139.647205525
35.65515555,139.648101475
35.65596375,139.65144335
35.655532375,139.65280925
35.655710649999996,139.6534648
35.65627245,139.65374309999999
35.653054100000006,139.661350675
35.64346495,139.65839875
35.632150425000006,139.66037325000002
35.630265824999995,139.65815275
35.62171755,139.66069805
35.619463225000004,139.66225365
35.62008725,139.66790415000003
35.623649825,139.662714375
35.63175135,139.645501525
35.631144825,139.644083175
35.62708105,139.641779075
35.627323375,139.634440325
35.627183824999996,139.63090904999999
35.636202350000005,139.628448975
35.64144485,139.6319709
35.645758275000006,139.63908157499998
35.647807099999994,139.6305523
35.668852900000005,139.61255375
35.681761425,139.61598565
35.682673175,139.615632825
35.684580849999996,139.61587874999998
35.686597175,139.61655869999998
35.68943725,139.63173965000001
35.67375905,139.670763775
35.6670629,139.672788825
35.65880165,139.68372807500003
35.659155225000006,139.68666432499998
35.625230574999996,139.700674675
35.6171704,139.71805840000002
35.615157625,139.71754004999997
35.61465355,139.716565575
35.61508537499999,139.71780175
35.591802725,139.721905175
35.5918633,139.72304094999998
35.574947725,139.72104587500002
35.564549825,139.71488365000002
35.562585925,139.71499417500002
35.5622341,139.7146719
35.559772550000005,139.715664875
35.560246,139.7171356
35.559874775,139.718866225
35.5619261,139.718757025
35.562186525,139.718406
35.562425375,139.71857865
35.563125575,139.718871925
35.563086125,139.71786947500001
35.562287999999995,139.71731755000002
35.56197975,139.71816375
35.562667925,139.7198313
35.561868875,139.72035185
35.560680125,139.722501075
35.559515525,139.7248383
35.561422475,139.71286917499998
35.554280399999996,139.70892135
35.56126155,139.69894497500002
35.543711825,139.70631200000003
35.543514575,139.711698575
35.55040655,139.71792407499998
35.55203445,139.723564725
35.551645575,139.729389625
35.55144445,139.730712575
35.553578650000006,139.73013665
35.553260675000004,139.73223695000001
35.54798275,139.729839975
35.546806724999996,139.72616887499998
35.55329465,139.74062045
35.55133865,139.74400865
35.552434675,139.74554125
35.545358975,139.76932625
35.550892725,139.782608175
35.549793575,139.78348575
35.54863,139.783607125
35.5485446,139.78338817499997
35.547881325,139.78532415
35.573036625,139.758384075
35.5954767,139.67246045
35.612081950000004,139.64105917499998
35.61500345,139.635021575
35.6094071,139.6312663
35.614009025,139.6264859
35.6149828,139.62547035
35.619945825,139.6219274
35.73125755,139.65511435
35.735170874999994,139.6546262
35.736076175,139.6547099
35.73640015,139.65467745
35.7365865,139.65509502499998
35.737223650000004,139.65525845000002
35.736880049999996,139.652935375
35.736657375,139.651678125
35.737989299999995,139.652593575
35.73911805,139.65611865
35.7412723,139.655755225
35.73810315,139.662327275
35.7379892,139.66515587499998
35.7488155,139.67921595
35.75293715,139.6917716
35.754133525,139.694558675
35.7573318,139.6953732
35.76031925,139.702394925
35.743202575,139.70496655
35.730920424999994,139.70639482500002
35.7308251,139.7077247
35.73139735,139.708585975
35.731896649999996,139.70940497499998
35.73253795,139.71031575
35.73086475,139.711621625
35.732168650000006,139.71416415
35.731427525,139.714279025
35.731676925,139.714576225
35.731009025,139.714946275
35.730903575,139.71546265
35.730537075,139.71595745
35.73043025,139.715965
35.730277,139.7160831
35.729889275000005,139.715793
35.729527225,139.71536054999999
35.729273625000005,139.7157119
35.7292499,139.716203025
35.7292432,139.7158215
35.72986765,139.71476640000003
35.729226225,139.7138822
35.728390700000006,139.71381647500002
35.728031924999996,139.71361695
35.7277474,139.713432775
35.72794655,139.7129557
35.727220224999996,139.7118609
35.728912425000004,139.712218375
35.72719735,139.7113451
35.727327175,139.71063125
35.72879205,139.71439775
35.727051825000004,139.7184032
35.7262673,139.71868315
35.72551785,139.719524875
35.731757,139.71682389999998
35.732370275,139.71608809999998
35.73285994999999,139.716257175
35.733375300000006,139.71670525000002
35.73180347500001,139.719656725
35.729755075,139.725076425
35.730699525,139.72686465
35.730604625000005,139.727911
35.730460824999994,139.728267825
35.73230855,139.728299325
35.73269395,139.72816835
35.732423725000004,139.7292233
35.73217005,139.729891575
35.731761525,139.73047459999998
35.7333411,139.7277915
35.733585825000006,139.725855775
35.7263338,139.72920340000002
35.71898435,139.725545175
35.716902475,139.720921775
35.71188845,139.71923464999998
35.712814075,139.7185855
35.728333025,139.7200063
35.741056074999996,139.755151175
35.765124275,139.764684775
35.764957949999996,139.7728137
35.776583,139.771432975
35.780042325,139.767213175
35.782264424999994,139.7650463
35.783074649999996,139.7614249
35.786966725,139.76892845
35.78062565,139.754132475
35.781662450000006,139.75232812500002
35.7782917,139.77858615
35.778504649999995,139.780744925
35.78016085,139.78423379999998
35.782578275,139.783094475
35.78407575,139.78579522500002
35.779272275,139.78761227500001
35.776250575,139.789652475
35.778115799999995,139.791644175
35.78512825,139.799343075
35.7947876,139.79781455
35.793945099999995,139.793973825
35.7946842,139.7920486
35.796153325,139.789745425
35.797847774999994,139.788947575
35.7988816,139.789350725
35.79978117499999,139.7901008
35.802790475,139.78054425
35.807254225,139.77025402499999
35.809692675,139.7776938
35.799640974999996,139.79871747500002
35.796531625,139.80683514999998
35.79738,139.81050085
35.78614945,139.808709625
35.779672925,139.8165097
35.786285575,139.82462314999998
35.77635095,139.832825725
35.77110954999999,139.831986425
35.7668224,139.839996175
35.770698625,139.843883125
35.76567625,139.847533275
35.764579624999996,139.847942625
35.7679062,139.8502092
35.762511625,139.85294770000002
35.761000525,139.8600144
35.760945325,139.86749055
35.7515497,139.86773075
35.751417075,139.868418975
35.750018850000004,139.867943225
35.7497789,139.869181025
35.75001075,139.86822075
35.752647075,139.8769747
35.75716015,139.87598697500002
35.762813775000005,139.874376
35.76699745,139.86986852500002
35.7679436,139.87089352499999
35.769405425,139.8721371
35.770106725,139.87113382500002
35.7713832,139.87231695
35.772568475,139.87091279999999
35.77029335,139.86902645000004
35.769967125,139.868769575
35.772366675,139.870125725
35.7807495,139.84939070000001
35.78460935,139.826581925
35.749199774999994,139.809427225
35.749273975,139.80772370000003
35.749693525,139.80663437500002
35.749981975,139.804804625
35.750084224999995,139.80340535
35.750862024999996,139.8031631
35.751001,139.8030323
35.75104815,139.802978475
35.7515408,139.803315475
35.751861725,139.803486625
35.752307775,139.80356655
35.75087735,139.802452875
35.747777225,139.80379829999998
35.746455,139.80129689999998
35.744711099999996,139.79827625
35.746304425,139.80883817499998
35.73739965,139.8279857
35.733051025,139.835345125
35.734819775000005,139.86580945
35.733950725,139.879696625
35.735194,139.88073500000002
35.7354122,139.881733175
35.735553625,139.88251115
35.734715800000004,139.88257604999998
35.7336284,139.88283589999998
35.733282974999995,139.8832147
35.7336175,139.88362139999998
35.731718300000004,139.8815816
35.73252465,139.88014040000002
35.7336076,139.883366175
35.73612965,139.883599475
35.73675945,139.886491925
35.73625025,139.89023342500002
35.73406920000001,139.893083875
35.742905325,139.88258762499999
35.744322525,139.879988575
35.7249834,139.8394788
35.649199725,139.642850625
35.58426595,139.47951870000003
35.585187024999996,139.47203977499998
35.580265374999996,139.47000722500002
35.575418424999995,139.465384175
35.589391875000004,139.468991125
35.59109255,139.47114175000002
35.593073950000004,139.466150875
35.584993175,139.4491876
35.57272945,139.447038425
35.558124649999996,139.45105205
35.55346615,139.4427939
35.555115525,139.439205875
35.556053375,139.43252897500003
35.5512789,139.43100615
35.548080399999996,139.44135955
35.545982124999995,139.444753025
35.544089275000005,139.446141525
35.54496,139.446815125
35.543975825,139.44684665
35.5428513,139.44693992499998
35.543228250000006,139.444095025
35.541602049999995,139.44780859999997
35.541483725,139.4491736
35.541867325,139.44941395
35.542215775,139.4501018
35.546585,139.447056525
35.54874575,139.447600925
35.55202985,139.44919165
35.542543450000004,139.46450225
35.53503935,139.4582379
35.532691375,139.46351365
35.53657245,139.470265325
35.535575975,139.4731793
35.53636495,139.47453570000002
35.53726975000001,139.47485825
35.539000525000006,139.47356555
35.540632675000005,139.47730067499998
35.53533792499999,139.4721731
35.5293027,139.475366775
35.517879725,139.47080505
35.510894449999995,139.47372969999998
35.51538445,139.475112825
35.528442625,139.48441935
35.545066875,139.4768583
35.562987525,139.4633535
35.563459625,139.464046075
35.566166625,139.44965145
35.560606925,139.42909434999999
35.563559175,139.427133825
35.567562849999995,139.42561102500002
35.57037785,139.42168460000002
35.568875525,139.41859405
35.57501785,139.4186645
35.579129525,139.41949065
35.579226725,139.421352625
35.579240850000005,139.409654
35.583205225,139.4000821
35.595279500000004,139.377897475
35.6008681,139.372255475
35.603076574999996,139.366515025
35.602605600000004,139.36272685
35.6183928,139.371941025
35.61455055,139.37950707500002
35.61558310000001,139.381874025
35.613393125,139.38844237499998
35.618712425,139.399079425
35.626019775,139.39297595
35.628030175,139.3935265
35.632254775,139.39817865
35.645102175,139.3745234
35.643800775,139.36405415000002
35.642246675,139.35855642500002
35.6447465,139.353238975
35.6512039,139.34527465
35.656121174999996,139.3436505
35.657473575,139.341226
35.657717725,139.34109542500002
35.65844344999999,139.340800175
35.659077075,139.342389725
35.659401275,139.34324602499998
35.6604089,139.340515975
35.6608013,139.33907625
35.65881055,139.33742030000002
35.658004500000004,139.33751415
35.657511924999994,139.33793265
35.65457675,139.33868532500003
35.653773275,139.339640475
35.6533472,139.339912475
35.653032825,139.3393055
35.652809375,139.338041825
35.65456905,139.33391645
35.643122475,139.336631725
35.6332191,139.32988827499997
35.631243825,139.329140875
35.6244496,139.32553387500002
35.626350724999995,139.341059175
35.640891350000004,139.3306956
35.643462299999996,139.3175679
35.643806275,139.307478675
35.6496233,139.3030425
35.647675975,139.297832975
35.645074025,139.29430605
35.637777625,139.294710475
35.641309375,139.285521725
35.6416671,139.28427515
35.641452375,139.28311947499998
35.642486,139.2798512
35.645841725000004,139.28332517500002
35.631528175,139.30551107500003
35.657038850000006,139.3099976
35.657333475,139.312521775
35.657905,139.3145175
35.6549863,139.320099175
35.662071275,139.33273734999997
35.6601271,139.33434935
35.65931487499999,139.33445585
35.6627094,139.33695212499998
35.66300705,139.349396275
35.6657878,139.35360742499998
35.665203475,139.360023425
35.670169875,139.3636641
35.664602699999996,139.368836875
35.66731575,139.370868175
35.680878299999996,139.35811965
35.684149024999996,139.34757185
35.678769275,139.3333411
35.700486375,139.31055757500002
35.679599749999994,139.308386775
35.678381200000004,139.3049373
35.675883400000004,139.281343
35.6760865,139.26947415
35.6822483,139.25838484999997
35.632247025,139.27026562499998
35.630719325,139.26909572500003
35.620645425000006,139.25946925
35.627843600000006,139.24601182499998
35.607454075,139.32521507500002
35.6322666,139.39111540000002
35.60753795,139.43303775
35.62261755,139.4452928
35.650474675,139.449206075
35.65060385,139.447677075
35.651022,139.445204725
35.651136,139.4423567
35.655288125,139.44192675000002
35.661760725,139.4308759
35.684752175,139.4039727
35.7335717,139.34040185
35.73963975,139.33842752500001
35.740407850000004,139.334545975
35.728700425,139.32227205
35.7256808,139.3122903
35.72811885,139.3011673
35.729538500000004,139.2900845
35.730678274999995,139.28906527499998
35.7285537,139.286878075
35.727616175,139.2859561
35.734038999999996,139.28858724999998
35.73822705,139.2767546
35.730759275,139.28006117500001
35.744019,139.27990545
35.727987299999995,139.24625265
35.78252275,139.316737825
35.791568125,139.31427847499998
35.796813325,139.340417
35.78781965,139.2760381
35.787543050000004,139.2690659
35.789632575,139.26824242499998
35.789944375000005,139.25469980000003
35.790759300000005,139.24207875
35.78199265,139.22593805
35.7957144,139.2141033
35.805091274999995,139.194406
35.80204435,139.18463119999998
35.800569675,139.18245697499998
35.802555025000004,139.177382475
35.816459725,139.15780565
35.81502475,139.1364302
35.786889200000005,139.15235915
35.794354075,139.153580175
35.721347025,139.177737625
35.77014870000001,139.19379922500002
35.804103325,139.05511185
35.7946367,139.010594
35.77504285,138.9962658
35.02039085,139.286996825
34.752533825,139.3528982
34.750340825,139.3547062
34.716357325000004,139.389216325
34.646333,139.398720875
34.3239389,139.2201732
34.2354857,139.15604925
34.15794255,139.32079514999998
33.854474550000006,139.60232217499998
33.1153254,139.79616464999998
