35.6667952,139.7568175,烏森神社
35.6020865,139.6890935,洗足八幡神社
35.6162754,139.4270387,青木葉天満宮
35.6472232,139.7077849,恵比寿神社
35.6997288,139.7401145,神楽坂若宮八幡宮
35.6548825,139.7487871,芝東照宮
35.5551572,139.4602487,南大谷 天神社
35.6869591,139.6371745,白山神社
35.6752302,139.6304234,八幡神社
35.6994917,139.5958193,松庵稲荷神社 (Shoan-Inarijinja)
35.6682406,139.6576868,羽根木神社
35.6725708,139.6428235,永福稲荷神社
35.7210493,139.7659237,真島稲荷神社
35.7204468,139.8263812,三輪里稲荷神社 （こんにゃく稲荷）
35.6832633,139.6637755,多田神社
35.6936042,139.631288,尾崎熊野神社
35.6022635,139.4598846,飯守神社
35.6114335,139.6244096,多摩川水神
35.7072241,139.6719239,打越天神北野神社
35.6606785,139.5651395,柴崎稲荷神社
35.6565819,139.5968692,神明社
35.6187792,139.6710749,氷川神社
35.7534662,139.7352902,毛塚
35.7314557,139.5050886,武蔵野神社
35.6332877,139.688902,十日森稲荷神社
35.6533522,139.651514,杓子稲荷神社
35.6927381,139.733724,市谷亀岡八幡宮
35.7222289,139.4952061,鈴木稲荷神社
35.7226338,139.8670683,天祖神社
35.7130195,139.520468,神社
35.7106212,139.6063292,荻窪八幡神社
35.6542344,139.7453916,伏見三宝稲荷神社
35.7328433,139.8403003,白髭神社
35.7269643,139.8300785,日枝神社
35.758333,139.4010216,熊野神社
35.7621793,139.3980886,谷津仙元神社
35.7402018,139.8336825,篠原稲荷神社
35.6608438,139.5678877,巌嶋神社
35.7090811,139.8673857,東小松川香取神社
35.6555774,139.697984,惟神會本部
35.7516054,139.861906,青龍神社
35.6954049,139.5019836,神明宮
35.6198531,139.7252578,居木神社 (Irugi Jinja)
35.6585234,139.6432292,六所神社
35.5162419,139.4667343,八坂神社
35.7525259,139.8022537,千住本氷川神社
35.6343372,139.569285,伊豆美神社
35.6303124,139.2673308,旭稲荷神社
35.6533486,139.6338078,天七岩屋比売神社
35.5471806,139.4784951,奈良谷戸 山神社
35.6633987,139.7582964,日比谷神社
35.757479,139.6748004,御嶽神社
35.7628821,139.297963,阿蘇神社
35.7013711,139.3674924,諏訪神社
35.60745,139.7437657,幸稲荷神社
35.7365164,139.7463177,大國神社
35.7044169,139.8254918,香取神社
35.6791028,139.6350658,世界真光文明教団 杉並永福道場
35.7127424,139.7135747,天祖神社
35.7105316,139.3578987,日枝神社
35.6119588,139.4861521,杉山神社
35.7148843,139.6763118,上高田 氷川神社
35.7192658,139.6665886,沼袋氷川神社
35.5422803,139.4779704,成瀬杉山神社
35.6509033,139.6742356,三宿神社
35.6762719,139.6481829,熊野神社
35.6749557,139.4570804,熊野神社
35.641365,139.6113473,稲荷神社
35.6704191,139.7652756,あづま稲荷大明神
35.7638319,139.7402057,稲成神社
35.6564923,139.6104377,千歳台稲荷神社
35.6356362,139.4940252,普寛神宮
35.654269,139.7079852,商和稲荷神社
35.668933,139.7520489,小寳稲荷
35.7025818,139.3711977,熊野神社
35.696974,139.801344,野見宿禰神社
35.6321776,139.7081581,大鳥神社
35.6884136,139.4225756,矢川弁財天
35.7606992,139.5748921,稲荷神社
35.7539286,139.5610764,天神社
35.6797445,139.4441908,谷保天満宮
35.6975733,139.3865213,郷地稲荷神社
35.6630707,139.4143524,若宮神社
35.7150426,139.7661362,七倉稲荷神社
35.735803,139.8496935,原稲荷神社
35.6943794,139.5524612,上連雀神明社
35.6949525,139.5495735,大鷲神社
35.6998027,139.5464574,杵築神社
35.6609966,139.6214486,八幡社
35.6854167,139.8716622,三嶋神社
35.6286058,139.5929413,喜多見氷川神社
35.7766561,139.3016832,金刀比羅神社
35.578768,139.488806,熊野神社
35.6622817,139.7288464,出雲大社東京分祀
35.8026526,139.2670611,虎柏神社
35.6338118,139.5657136,水神社
35.7802116,139.6991254,小豆沢神社
35.6626787,139.6302918,勝利八幡神社
35.7793316,139.6262427,八坂神社
35.7759424,139.6262514,旭町出世稲荷神社
35.7755852,139.6315069,氷川神社
35.7853801,139.6400122,氷川神社
35.6939753,139.6262037,田端神社
35.6568986,139.5744519,金子稲荷神社
35.6503471,139.6073408,神明社
35.641123,139.660535,駒留八幡神社
35.6407469,139.6133777,三峯神社
35.6843826,139.3919943,日野宮神社
35.7269056,139.3136248,二宮神社
35.6700172,139.5701703,中嶋神社
35.6327598,139.5221016,穴澤天神社
35.7578658,139.412845,豊鹿嶋神社
35.5979735,139.4777787,神明社
35.6790618,139.3959694,八坂神社
35.6672014,139.5532108,青渭神社
35.6698054,139.5452004,宿神明社
35.6816909,139.5351716,二塚神社
35.6824491,139.53478,大澤八幡神社
35.6946349,139.5277072,産土神 天神社
35.6942689,139.5272566,笠森稲荷神社
35.7896274,139.2613873,住吉神社
35.6865453,139.7973145,深川神明宮
35.6383408,139.6802322,駒繋神社 (Komatsunagi Shrine)
35.6707895,139.5055213,上染屋八幡神社
35.6758293,139.5043223,稲荷大明神
35.6782435,139.504561,人見稲荷神社
35.6469251,139.6242635,稲荷森稲荷神社
35.6149003,139.6446775,天祖神社
35.6322978,139.6469088,桜神社
35.6471805,139.6561244,松陰神社
35.659276,139.7271611,桜田神社
35.5884324,139.726808,天祖神社
35.5792679,139.6833761,白山神社
35.569345,139.6831562,六所神社
35.5607381,139.7224446,蒲田八幡神社
35.7483965,139.7414966,七社神社
35.7461963,139.7460797,平塚神社
35.5631498,139.7012032,安方神社
35.5581891,139.706067,道塚神社
35.5595831,139.7023537,諏訪神社
35.5658066,139.6913235,新田神社
35.6868457,139.6700467,神明氷川神社
35.6274806,139.5821507,白幡菅原神社
35.7040071,139.5268044,稲荷神社
35.7905905,139.2990654,新町御嶽神社
35.6395014,139.7003169,中目黒八幡神社
35.5521328,139.7280215,萩中神社
35.5479775,139.7281743,重幸稲荷神社
35.7160581,139.5955843,井草八幡宮
35.6199662,139.6259308,瀬田玉川神社
35.7819171,139.7496764,島氷川神社
35.76225,139.7803797,本木氷川神社
35.6485359,139.6812985,池尻稲荷神社
35.7699541,139.7306071,柏木神社
35.7618977,139.7584903,宮城氷川神社
35.7955014,139.7943602,竹塚神社
35.6986998,139.6436062,猿田彦神社
35.7658301,139.851226,香取神社
35.6609293,139.4994385,石井神社
35.5885935,139.7089357,湯殿神社
35.5648438,139.6925883,氷川神社
35.6543245,139.5171154,押立神社
35.6106401,139.6688923,熊野神社
35.720243,139.6736373,鼓稲荷神社
35.7226262,139.6712144,北野神社
35.721733,139.6760164,葛谷御霊神社
35.7904599,139.2632516,西分神社
34.684834,139.4377912,波布比咩命神社
34.68556,139.44386,龍音様
34.6878879,139.4154825,春日神社
34.733516,139.356362,大宮神社
34.7535203,139.3571163,倉澤大明神
35.761179,139.304121,玉川神社
35.75643,139.308332,玉川水神社
35.710525,139.411665,熊野神社
35.5863373,139.6813136,御嶽山神社
35.761167,139.3091054,護国神社
35.757845,139.312087,聖徳神社
35.7563598,139.3128616,稲荷神社
35.7772405,139.7992646,小右衛門稲荷神社
35.5824466,139.6935453,久が原西部八幡神社
35.8133934,139.7694562,舎人氷川神社
35.6272535,139.5874238,日枝神社
35.664462,139.713512,大松稲荷神社
35.6297203,139.5882124,岩戸八幡神社
35.7057166,139.5079898,大松木下之稲荷大神
35.7043768,139.5626945,八丁稲荷大明神
35.7479604,139.1850974,八坂神社
35.5704513,139.6861441,天祖神社
35.617075,139.7026995,三谷八幡神社
35.72371,139.334111,熊川神社
35.5731408,139.6996164,徳持神社
34.7703262,139.3592039,愛宕神社
35.7016348,139.3963368,浅間神社
35.7061416,139.3462364,日吉神社
35.6918681,139.6315299,杉並豊川稲荷
35.6854327,139.6930686,天満宮
35.5825744,139.7266733,根岸神社
35.5814264,139.72045,春日神社
35.7360059,139.2079356,琴平神社
35.6573333,139.7064532,御嶽神社
35.6573621,139.7064088,玉造稲荷神社
35.6573739,139.7068473,金王丸御影堂
35.7383715,139.7448645,妙義神社
35.7388331,139.7478695,羽黒山神社
35.67199,139.6889742,代々木八幡宮
35.6382983,139.2722565,御室社
35.6841674,139.7804475,小網神社
35.5800644,139.6950103,久が原東部八幡神社
35.6977259,139.7795248,草分稲荷神社
35.6862763,139.7971201,八名川稲荷神社
35.6829217,139.7968857,深川稲荷神社
35.6053806,139.6712648,奥澤神社
35.6908947,139.7924852,江島杉山神社
35.7546851,139.8212068,小菅神社
35.7100234,139.6595387,妻戀神社
35.7461432,139.8265094,天祖神社 祖霊社
35.7479075,139.6434785,春日神社
35.7969257,139.0478287,産土神社
35.7474757,139.7965847,稲荷大明神
35.7435332,139.7979281,稲荷神社
35.6977371,139.6621084,北野神社西町天神
35.8522435,139.0401782,一石山神社
35.7378816,139.6953151,富士浅間神社
35.7437043,139.7112088,氷川神社
35.6716571,139.3430239,大谷弁財天
35.6855664,139.7900907,大廣神社
35.6495727,139.7443618,春日神社
35.7366927,139.2210652,愛宕神社
35.7737898,139.7565501,氷川神社
35.6418798,139.3814907,平山季重神社(Hirayama Sueshige Shrine)
35.6400707,139.2771455,浅川金刀比羅宮
35.6848121,139.7152605,多武峯内藤神社
35.6944142,139.696071,新栄稲荷
35.5857059,139.7088987,出世稲荷神社
35.5878772,139.7209844,厳島神社
35.8246521,139.1232465,大根山の神
35.7787344,139.6604291,北野神社
35.7041932,139.4687214,熊野神社
35.6037912,139.6465501,稲荷大明神
35.6515582,139.5711852,八剱神社
34.7334888,139.3587733,大宮神社
35.6724899,139.7797636,鐡砲洲稲荷神社
35.6726591,139.7795954,浅間神社
35.6186445,139.7038122,火防稲荷
35.7848455,139.6395849,赤塚氷川神社富士塚
35.6064793,139.718133,大原不動堂
35.786086,139.723803,大國神社
35.5893439,139.7169562,北野神社
35.704155,139.7404247,筑土八幡神社
35.6980059,139.7399981,築土神社
35.6716479,139.2151477,宮尾神社
35.5978918,139.4379951,小野神社
35.6528239,139.5526131,国領神社
35.6828037,139.2425163,琴平神社
35.7211925,139.223379,御嶽神社
35.6815869,139.5779533,新川天神社
35.6739814,139.3990284,神明社
35.790489,139.2182791,下山八幡神社
35.5857017,139.693396,道々橋八幡神社
35.6657584,139.712183,秋葉神社
35.616782,139.381708,八幡神社
35.6601616,139.6541641,稲荷神社
35.5980321,139.7392599,仲町稲荷神社
35.5443245,139.4457777,町田稲荷
35.6918171,139.2736548,十二社熊野神社
35.7212972,139.3170783,熊野神社
35.6682933,139.4647325,八雲神社
35.6695746,139.4650732,浅間神社
35.5967229,139.6862862,雪谷八幡神社
35.5799363,139.6819498,嶺稲荷神社
35.6837473,139.2535961,正一位伏見稲荷大明神
35.5892009,139.6728895,西守稲荷神社
35.5895587,139.6768511,東稲荷神社
35.5867525,139.6772166,伏見稲荷神社
35.7185085,139.2670086,引田八雲神社
35.7626042,139.7689142,扇三嶋神社
35.5489789,139.7051957,諏訪神社
35.7298951,139.5440509,田無神社
35.5736094,139.6862532,藤森福寿稲荷
35.7535278,139.5274222,南沢氷川神社
35.6818754,139.2760037,日枝神社
35.6789472,139.2738713,菅原社
35.7252009,139.2389855,高尾神社
35.7259106,139.2411934,高尾神社奥宮
35.633448,139.276995,山王神社
35.5401579,139.7079915,北野神社
35.8165941,139.2753414,八坂神社
35.8142907,139.2843429,白髭神社
35.6695281,139.7199052,三河稲荷神社
35.7274119,139.1787609,神明社
35.672829,139.2629636,八幡神社
35.721807,139.1967772,小宮神社
35.7150301,139.1822397,山神社
35.6772348,139.2454836,熊野宮
35.6772746,139.1924871,龍蔵神社
35.651121,139.544558,稲荷神社
35.652126,139.545511,さくら稲荷
35.7237294,139.2189922,五霊神社
35.7101666,139.2160578,今熊開運稲荷社
35.7065063,139.7771485,八幡神社
35.6652225,139.253603,松嶽稲荷神社
35.734472,139.305179,八幡社
35.6998492,139.575191,稲荷神社
35.6674486,139.2474164,白山大権現
35.7473961,139.880648,鎌倉八幡神社
35.735271,139.3004939,小宮神社
35.6536716,139.2693784,御霊明神
35.7140644,139.2784836,八幡宮
35.7118244,139.2856708,住吉神社
35.7044976,139.6916643,鎧神社
35.6788055,139.6248466,柏の宮稲荷神社
35.734101,139.0997641,貴布弥神社
35.7413226,139.0794973,春日神社
35.6425654,139.2672207,神明神社
35.6108037,139.6689232,稲荷大明神
35.5487477,139.7844283,羽田航空神社
35.770433,139.6931637,前野熊野神社
35.6174573,139.7452835,北浜三社稲荷
35.6167521,139.7426446,稼穡稲荷
35.6528634,139.6881476,上目黒氷川神社
35.68551,139.7183834,大京神社
35.610572,139.670212,谷畑弁財天
35.5823507,139.7209952,代六天根ヶ原神社
35.6552871,139.6612442,三峯神社
35.6836337,139.7850438,東京水天宮
35.6869272,139.7825265,橘稲荷神社
35.6839316,139.7940262,正木稲荷神社
35.6880867,139.7853111,笠間稲荷神社
35.6882997,139.7828919,富澤稲荷神社
35.6872213,139.7744198,福徳神社
35.6892449,139.776961,寳田恵比寿神社
35.7736728,139.7706828,高野胡禄神社
35.674726,139.7671742,幸稲荷神社
35.6692643,139.7602781,八官神社
35.6714675,139.7660195,三囲神社
35.6689444,139.7621339,豊岩稲荷神社
35.6723596,139.7645628,寳童稲荷
35.6713099,139.7671096,朝日稲荷神社
35.6344482,139.4012958,愛宕神社
35.6298644,139.3971195,北八幡神社
35.6710499,139.7221004,彌助稲荷大明神
35.7652244,139.1326444,Odake Shrine
35.565467,139.7123615,女塚神社
35.7373816,139.8957062,北野神社
35.7163058,139.5880735,市杵嶋神社
35.6750885,139.7779939,今村幸稲荷神社
35.6776522,139.779741,純子稲荷神社
35.5871464,139.703344,西二稲荷神社
35.6867113,139.779945,出世稲荷大明神 岩代稲荷神社
35.6883238,139.5965264,久我山稲荷神社
35.5846115,139.7214401,熊野神社
35.5843641,139.7217322,祠
35.5845604,139.7205627,高稲荷神社
35.7793006,139.2257877,神明神社
35.7560448,139.4380805,狭山神社
35.8028375,139.1055286,大山祇神社
35.7851037,139.2209284,お稲荷様
35.7829021,139.221261,秋葉神社
35.7840683,139.7737538,西新井天満宮
35.7364689,139.487412,稲荷神社
35.65288,139.528778,若宮八幡神社
35.6460237,139.5451952,白山宮神社
35.7503731,139.4658066,八坂神社
35.6571029,139.6593399,代田八幡神社鳥居
35.6568628,139.6597546,代田八幡神社鳥居
35.778017,139.1475038,天狗岩
35.8019046,139.2658112,高峯神社
35.6779652,139.7097171,富士塚
35.6778542,139.7092817,神明社
35.6780567,139.7097279,甲賀稲荷社
35.6168908,139.3523404,鑓水諏訪神社
35.8103377,139.1601273,八雲神社
35.7903586,139.2495093,熊野神社
35.795948,139.2254612,石神社
35.6920759,139.7751528,金山神社
35.6411507,139.449337,熊野神社
35.6757289,139.7672129,正一位伏見稲荷神社
35.7780713,139.2713385,鹿島玉川神社
35.6701512,139.7693675,宝珠 稲荷神社
35.6638743,139.3131087,多賀神社
35.6832547,139.8026499,行成稲荷
35.6612332,139.3116843,日吉八王子神社
35.630666,139.465042,八坂神社
35.6796209,139.5202459,三谷神社
35.6694021,139.4804781,稲荷大明神
35.7083041,139.1648195,臼杵神社
35.6385977,139.4347501,恋路稲荷神社
35.6042067,139.351699,山王山日枝神社
35.7495757,139.2337278,白山神社
34.7884269,139.3913141,龍王神社
34.5155402,139.2773348,大山小山神社
34.5158121,139.2743425,阿豆佐和氣命本宮
34.5211232,139.2840985,下上神社
34.2037815,139.1537628,日向神社
34.2089903,139.1316101,竜神様
33.8946128,139.593738,稲根神社
33.858789,139.5938141,稲根神社
35.6790845,139.2305035,神明神社
35.5767839,139.4968289,椙山神社
34.0605187,139.5448195,二宮神社
35.6174189,139.2493968,山王神社
33.1409289,139.7647651,浅間神社
35.6942059,139.7620976,五十稲荷神社
35.6197678,139.6516592,深沢神社
35.7900542,139.8677564,日枝神社
35.7829333,139.8694894,香取神社
35.6033745,139.4286126,小野路浅間神社
35.6134576,139.2918017,子ノ神社
35.6140288,139.2870592,浅間神社
35.5639612,139.465051,ぬぼこ山本宮
35.6389356,139.2599909,高尾天満宮
35.6969851,139.726374,中守稲荷神社
35.6642229,139.4564021,小野神社
35.5937695,139.3990006,神明神社
33.1083655,139.8025857,八幡神社
33.0738715,139.7902784,三島神社(樫立）
35.5825012,139.7347769,東貫森稲荷神社
35.5812762,139.7349318,穀豊稲荷神社
35.7218967,139.7505773,白山神社
35.6623883,139.5919558,六所神社
35.5331032,139.4844161,梅稲荷大明神
35.6618516,139.7325349,朝日神社
35.7024492,139.7039231,夫婦木神社
35.6809732,139.7857794,永久稲荷神社
35.6613639,139.5184265,稲荷大明神
35.7534418,139.3140936,児魂神社
35.7377731,139.7550401,上田端八幡神社
35.7107212,139.7587058,藤之森稲荷神社
35.6690318,139.7554529,航空神社
35.7105677,139.7522929,高取稲荷大明神
35.6776645,139.5699116,勝淵神社
35.7067402,139.7346246,改代稲荷神社
35.6635696,139.7811718,月島観音
35.6622084,139.7804917,柏山稲荷神社
35.7360651,139.7069653,三社神社
35.5151785,139.4665333,熊野神社
35.7012427,139.6993921,皆中稲荷神社
35.7503531,139.8649159,天祖神社
35.5759673,139.685131,鵜ノ木八幡神社
35.5882455,139.6986637,子安八幡神社
35.5979198,139.7238002,水神社
35.7089242,139.8260063,香取神社
35.7130934,139.8232966,田丸稲荷神社
35.5792793,139.405444,箭幹八幡宮
35.5482796,139.4345693,森野住吉神社
35.5801539,139.4317356,八幡神社
35.6586559,139.3247712,稲荷神社
35.6835045,139.7379926,豊栄稲荷大明神
35.6954858,139.764573,幸徳稲荷神社
35.7417107,139.7068036,熊野神社
35.7419868,139.8676928,細田神社
35.6751638,139.7396558,山王稲荷神社
35.6751632,139.7397262,八坂神社　猿田彦神社
35.7484168,139.7264615,瀧野川八幡神社
35.6587065,139.5254425,道生神社
34.5292357,139.2786444,天満神社
34.5313537,139.2765784,浜宮神社
35.7043627,139.7685666,神道大教白鬚神社
35.6946246,139.5091347,小金井神社
35.6345169,139.5853724,伊井出森稲荷神社
35.7234984,139.8227298,長浦神社
35.7766045,139.0207547,小河内神社
35.6739572,139.7672192,銀座稲荷神社
35.6691801,139.7680141,歌舞伎稲荷神社
35.6696617,139.7639838,騫護稲荷神社
35.6697735,139.76127,成功稲荷神社
34.7379332,139.3805538,三原神社下社
35.7266737,139.5572412,東伏見稲荷神社
35.7335658,139.7244267,出世稲荷神社
35.7305225,139.7277271,天祖神社
35.7321062,139.7295157,瀧不動
35.7321621,139.8738657,上一色天祖神社
35.7077288,139.343527,拝島神明神社
35.7305848,139.8790107,南小岩天祖神社
35.6653973,139.7003348,北谷稲荷
35.5753765,139.7300088,金山神社
35.6711738,139.43342,上之島神社
35.7470079,139.6335819,八幡神社
35.7497331,139.6280316,御嶽神社
35.7594324,139.6318993,北野八幡神社
35.7527076,139.5120743,八幡神社
35.7526059,139.5120465,八坂神社
35.7920313,139.8673187,熊野神社
35.6562721,139.5338303,金山彦神社
35.6788705,139.3292961,熊野神社
35.6710531,139.3001707,住吉神社
35.6776202,139.2881555,諏訪御嶽神社
35.6700661,139.2835562,神明神社
35.6872909,139.3151561,甲神社
35.7397766,139.7632495,東灌森稲荷神社
35.7013166,139.7719846,花房稲荷神社
32.4531674,139.7666455,富士様
35.5913695,139.7280204,大森山王日枝神社
35.6953628,139.6383757,天祖神社
35.7332117,139.7641953,向陵稲荷神社
35.6896062,139.7048107,雷電稲荷神社
35.7504494,139.7649948,尾久八幡神社
35.7559672,139.7600237,小台天祖神社
35.7546486,139.7502513,白山神社
35.7331656,139.5800529,金力自在大善神
35.7317327,139.7335527,子安天満宮
35.6508917,139.323854,浅間神社
35.7660003,139.5365938,厳島神社
35.7389127,139.7421864,染井稲荷神社
35.762743,139.5359431,門前稲荷神社
35.7236596,139.7542447,秋葉神社
35.698604,139.5140229,八重垣稲荷神社
35.7278689,139.6835563,五郎久保稲荷神社
35.7371967,139.551065,青面金剛庚申像
35.7299181,139.7402485,子育稲荷神社
35.730111,139.7400577,巣鴨大鳥神社
35.7542235,139.7572147,船方神社
35.7542943,139.5596963,石碑
35.7678125,139.7800697,興野神社
35.7672113,139.7798581,三峯神社
35.7677868,139.7925831,梅田稲荷神社
35.796318,139.7990586,氷川神社
35.8033923,139.768955,入谷北野神社
35.7851064,139.7834833,雷神社
35.8051192,139.7789117,古千谷氷川神社
35.7994032,139.782931,菅原神社
35.8097652,139.7696411,舎人天神社
35.8109455,139.7734306,舎人諏訪神社
35.8305943,139.2941898,愛宕神社
35.7365745,139.7488123,日枝神社
35.7312141,139.7511561,駒込富士神社
35.759677,139.7468582,若宮八幡神社
35.7765754,139.3509774,狭山神社
35.7164774,139.7691973,花姫稲荷神社
35.7341203,139.7578381,水神稲荷神社
35.7362303,139.7558791,日枝神社
35.7293428,139.7830646,神々森猿田彦神社
35.5649718,139.7254705,椿神社
35.6260272,139.6823263,碑文谷 厳島神社
35.7451704,139.7631352,山谷の神明社
35.6191597,139.7340886,清水稲荷神社
35.5760019,139.7299492,諏訪神社
35.7447712,139.8565032,福森稲荷神社
35.7407537,139.8481652,梅田稲荷神社
35.7297671,139.8083762,石浜神社
35.7316072,139.8241899,墨田稲荷神社
35.7630824,139.8227053,綾瀬稲荷神社
35.7671664,139.8409641,北三谷稲荷神社
35.6482152,139.3301878,姫龍神
35.7214445,139.8024199,熱田神社
35.6950306,139.3202989,神明神社
35.8092584,139.8202084,大鷲神社
35.7178032,139.7812133,三峯神社
35.7150531,139.7895737,日枝神社
35.7836113,139.7323976,志茂熊野神社
35.7705268,139.7014588,氷川神社
35.6258286,139.3314272,熊野神社
35.6724419,139.7138194,赤房稲荷神;秋葉神社
35.6724716,139.7138179,御嶽神社;伏見稲荷神社
35.771212,139.7204913,香取神社
35.7532911,139.7359299,王子神社
35.7561168,139.733422,王子稲荷神社
35.6631492,139.3877709,若宮神社
35.7906204,139.826086,七面大明神
35.7973064,139.8357093,天祖神社
35.7980769,139.8430465,六木諏訪神社
35.7613427,139.8277351,綾瀬北野神社
35.7596128,139.8570372,日枝神社
35.7374752,139.5945769,三宝寺池厳島神社
35.737296,139.5946307,宇賀神社 穴弁天
35.737579,139.5951851,水神社
35.6127233,139.720655,笠森稲荷神社
35.7498912,139.8306557,堀切氷川神社
35.7654592,139.8398903,高木神社
35.7385498,139.850366,立石諏訪神社
35.7352702,139.8886334,小岩神社
35.7494294,139.8854275,小岩田八幡神社
35.7063412,139.885049,日枝神社
35.6942994,139.8718241,白山神社
35.7641989,139.8115891,西之宮稲荷神社
35.6961971,139.8480638,小松川神社
35.7080784,139.8391727,平井諏訪神社
35.7008865,139.8434115,白髭神社
35.7112159,139.836841,白髭神社
35.7147567,139.8151922,高木神社
35.6456787,139.7821871,魚河岸水神社
35.7906834,139.8335593,辰沼稲荷神社
35.6160037,139.7119273,一本杉元八幡神社
35.6203089,139.7099487,京極稲荷神社
35.7809796,139.6766456,氷川神社
35.7682127,139.3638269,須賀神社
35.7782144,139.3550948,浅間神社
35.7773167,139.3545587,八雲神社
35.7643629,139.7448257,紀州神社
35.783287,139.2424044,畑中神社
35.7082467,139.8122217,天祖神社
35.701087,139.8315004,亀戸水神宮
35.766256,139.2924497,八雲神社
35.6818473,139.8305739,治兵衛稲荷神社
35.7108585,139.7348991,小日向神社
35.7300703,139.6954111,御嶽神社
35.7298106,139.6943482,長崎八幡神社
35.6682295,139.7515885,豊繁稲荷
35.6569672,139.7072772,金王八幡宮 鳥居
35.6605641,139.7459232,幸稲荷神社
35.7145145,139.714071,氷川神社
35.7146143,139.7139493,高田姫稲荷神社
35.7478947,139.7090925,子易神社
35.6326062,139.6703332,野沢稲荷神社
35.5505921,139.7102885,白山神社
35.577807,139.7082978,堤方神社
35.6059116,139.7430724,青雲稲荷神社
35.6475389,139.6650085,太子堂八幡神社
35.6015312,139.7277352,万作神社
35.600683,139.6851711,出穂山稲荷大明神
35.691857,139.7834549,玉尾稲荷神社
35.6887658,139.7160778,田安鎮護稲荷神社
24.7902011,141.3241162,硫黄島神社
35.7782866,139.2640445,天祖神社
35.6425939,139.647635,天祖神社
35.7650676,139.6437764,愛宕神社
35.768084,139.6132777,土支田八幡宮
35.6909841,139.6748973,藤神稲荷
35.6444914,139.2845633,熊野神社
35.6284455,139.3066978,榛名神社
35.7112341,139.7291515,正八幡神社
35.7235899,139.6940146,天祖神社
35.5427593,139.4694319,弁財天
35.7216123,139.6382927,鷺宮八幡神社
35.7115659,139.866924,新小岩香取神社
35.7115131,139.8669998,鷲神社
35.7202505,139.6958676,大六天社
35.5764063,139.7354152,最勝稲荷大明神
35.5971979,139.7386996,南稲荷神社
35.5975468,139.7390583,厳島神社
35.5928172,139.7370654,浜川神社
35.6112831,139.7436395,茶ノ木稲荷社
35.601382,139.7408748,稲荷神社
35.6430508,139.7413892,御嶽神社
35.6430252,139.7413731,五光稲荷神社
35.6894746,139.898813,豊田神社
35.7311342,139.4448495,小平日枝神社
35.732512,139.4489972,小平神明宮
35.7000145,139.6575409,天祖神社
35.7141859,139.6505646,八幡神社
35.6811489,139.7790501,大部芳之介氏顕彰碑;明徳稲荷神社
35.7438019,139.5503089,尉殿神社
35.7594007,139.7010981,氷川神社
35.7123894,139.724601,Hannyaji temple stone lantern
35.7547438,139.682643,氷川神社
35.6026717,139.6421593,六所神社
35.5987242,139.7281295,瀧王子稲荷神社
35.6830565,139.3481618,埼玉神社
35.6789883,139.3458046,八幡神社
35.6768891,139.7933905,八房海上稲荷神社
35.7565222,139.7069086,氷川神社
35.7853379,139.6843488,氷川神社
35.7688092,139.6759539,稲荷神社
35.6978699,139.7052092,恵比壽神社
35.7783264,139.668891,天祖神社
35.617522,139.6856394,稲荷神社
35.6552403,139.5437481,正一位 稲荷大明神
35.5464639,139.7498575,藤崎稲荷神社
35.7019282,139.7325264,矢来町秋葉神社
35.7585589,139.5945284,氷川神社
35.5841754,139.4474896,野津田神社
35.7519967,139.5836878,北野神社
35.6143898,139.4458426,愛宕神社
35.7558341,139.5805235,諏訪神社
35.6372579,139.5740785,十幹森稲荷
35.6214709,139.5854301,宿河原稲荷神社
35.712595,139.6911216,月見岡八幡神社
35.653214,139.7402645,天祖神社
35.716179,139.6800823,御霊神社
35.7781933,139.4835931,氷川神社
35.6516289,139.5862465,秋葉山神社
35.6674554,139.47368,坪宮
35.7725296,139.865518,花之木稲荷神社
35.7518021,139.5941085,天祖神社
35.7655664,139.3676311,須賀神社
35.7666551,139.3648312,阿豆佐味天神社
35.7600019,139.3720835,赤稲荷
35.760012,139.3796343,十二所神社
35.6261446,139.2496162,飯縄大権現
35.6262046,139.2496571,福徳稲荷
35.7584918,139.3828796,八坂神社
35.7571128,139.3896263,日吉神社
35.7695894,139.3474046,加藤神社
35.7833879,139.7620167,押部八幡神社
35.78383,139.7614114,小宮稲荷大明神
35.7701393,139.7616886,氷川神社
35.571946,139.4604596,金井八幡神社
35.7760661,139.348472,厳島神社
35.7588781,139.3737046,下宿稲荷神社
35.5921956,139.4137147,小山田神社
35.7873174,139.7912906,八幡神社
35.6911163,139.7576539,毎日神社
35.8017343,139.7747223,古千谷天祖神社
35.6758782,139.3311926,始元神社
35.8052876,139.7864535,氷川神社
35.7914134,139.8512055,西水元天祖神社
35.7570348,139.422612,八幡神社
35.7829559,139.7913283,栗原氷川神社
35.7610333,139.7827283,本木胡禄神社
35.7630244,139.7820406,本木北野神社
35.7653966,139.7921393,三峯神社
35.6935969,139.9041099,天祖神社
35.7737183,139.3441406,松原稲荷神社
35.7241615,139.4030227,阿豆佐味天神社
35.7240559,139.4032909,立川水天宮
35.7308609,139.76725,銭降稲荷神社　末廣稲荷神社
35.7833564,139.8238865,六町神社
35.7267577,139.3628399,諏訪神社
35.7221794,139.715526,三杉稲荷神社
35.7214205,139.7174833,白鳥稲荷大明神
35.7859317,139.7250686,白山神社
35.785929,139.7250817,大六天神社
35.7859263,139.7250927,稲荷神社
35.7859236,139.7251065,御嶽神社
35.7859206,139.7251192,市杵島神社
35.6790515,139.6123821,秋葉神社
35.6790522,139.6123764,白山神社
35.6790528,139.6123689,浅間神社
35.6790538,139.61236,天祖神社
35.6790547,139.6123511,氷川神社
35.6790554,139.6123432,稲荷神社
35.6790557,139.612337,稲荷神社
35.6566847,139.5456858,大鳥神社　金刀比羅神社
35.7778496,139.778873,氷川神社
35.707461,139.5800315,厳島神社 稲荷神社 須賀神社 疱瘡神社 三島神社 出雲神社 大鳥神社
35.7793464,139.8161516,稲荷神社
35.7750233,139.814708,愛宕神社
35.7727765,139.8261143,水神宮
35.7787536,139.8279499,天祖神社
35.7921617,139.828802,赤稲荷神社
35.8004143,139.8378228,東稲荷神社
35.7287889,139.6562477,北野天満神社
35.7287875,139.6564664,須賀神社
35.7287966,139.6562022,三峯神社
35.770182,139.8549297,八幡神社
35.7748908,139.8528205,氷川神社
34.2076942,139.1373396,ほうそう神様
34.2045149,139.1379451,与種神社
35.7810516,139.6512886,四葉稲荷神社
35.7546995,139.7909254,元宿堰稲荷大神
35.6970657,139.8815588,一之江水神社
35.6930048,139.8797697,馬場八幡宮
35.6932245,139.8803699,妙音寺
35.5884683,139.4828298,能ヶ谷神社
35.7616343,139.8401204,砂原稲荷神社
35.6985928,139.4934444,愛宕神社
35.6986988,139.4933871,八雲神社
35.7062729,139.5016479,疱瘡神社
35.7063115,139.5016654,山王稲荷大明神
35.7583253,139.8327757,香取神社
35.7125214,139.7313726,今宮神社
35.7472011,139.8288617,天祖神社
35.6992181,139.8683614,赤稲荷神社
35.7240397,139.7555975,花陽稲荷神社
35.7251068,139.757689,御林稲荷社
35.7255105,139.7606683,満足稲荷神社
35.7328065,139.8471135,川端諏訪神社
35.7308116,139.8504912,水神社
35.7321466,139.8516975,川端稲荷神社
35.7193995,139.8792924,松本天祖神社
35.7401317,139.8580818,熊野神社
35.7461975,139.8571012,中原八幡神社
35.7425956,139.8378019,宝町稲荷神社
35.7469534,139.8348032,宝町八幡神社
35.7567209,139.8164011,小菅稲荷神社
35.7669536,139.8637167,末無弁財天
35.753874,139.8698615,住吉稲荷
35.7219292,139.7836706,小野照先神社
35.7582234,139.8750755,柴又八幡神社
35.6633425,139.3550357,日枝神社
35.6920407,139.8847413,第六天宮
35.693052,139.8783663,法養寺
35.7442905,139.8938039,小岩田天祖神社
35.743388,139.8864715,上小岩天祖神社
35.7413717,139.8894862,五北天祖神社
35.6431675,139.2815196,山王社
35.7465339,139.8657139,高千穂教會
35.7357092,139.8625184,天祖神社
35.7354328,139.8684014,八劔神社
35.7361173,139.8593117,水神社
35.7299982,139.856406,大六天神社
35.7438105,139.8590503,諏訪野八幡神社
35.7328082,139.8870458,聖徳宮
35.7495991,139.8778692,赤稲荷神社
35.6960241,139.7498596,世継稲荷
35.7367046,139.6542952,東神社
35.7368934,139.6541729,大鳥神社
35.761906,139.8057915,高砂神社
35.6823093,139.2793346,山王社
35.6293821,139.3589034,白山神社
35.7154592,139.3195827,八幡神社
35.5624533,139.4440139,三社合神社
35.5973601,139.4120943,上根神社
35.6846471,139.7854395,松島神社
35.6402971,139.2486498,小山神社
35.5965677,139.370898,御嶽堂稲荷神社
35.675654,139.2835148,桜木天王宮
35.7072646,139.4811604,本多八幡神社
35.5982926,139.4199666,白山神社
35.8178665,139.1516843,小丹波熊野神社
35.8015806,139.1805395,御岳不動尊
35.8020394,139.1797885,横尾神明社
35.6114955,139.6960572,厳島神社
35.7892939,139.1516782,産安社
35.6494121,139.8755438,清瀧神社
35.765765,139.2706494,大幡神社
35.7092476,139.7421146,明善稲荷大神
35.7573978,139.2777533,村社正勝神社
35.7021654,139.8831419,一之江天祖神社
35.7490214,139.2915068,稲足神社
35.7487897,139.291661,韋駄天神社
35.7903487,139.2570944,英稲荷神社
35.780062,139.2845553,八雲神社
35.7334391,139.2344712,三内神社
35.7944507,139.2620376,石動神社
35.8062781,139.2580129,秋葉神社
35.7836412,139.2801226,石神社
35.7647097,139.6214808,北野神社
35.6124889,139.3858165,天神宮
35.7756535,139.7385594,新田稲荷
35.5785196,139.712111,太田神社
35.7287936,139.122482,大山祇神社
35.541295,139.4775644,諏訪神社
35.6562614,139.43123,落川大宮神社
35.5235575,139.4565949,西田金山神社
35.7155971,139.5959687,井草八幡宮楼門
35.7154507,139.5957097,井草八幡宮神楽殿
35.5285158,139.458964,天満宮
35.7168467,139.5955551,浅間神社
35.6886007,139.7114839,秋葉神社
35.5741159,139.4139056,淡嶋神社
35.64981,139.5120774,島守神社
35.7328333,139.7262656,屋上 神社
35.6678859,139.7834632,八角神輿
35.6681022,139.7832554,龍神社
35.7094243,139.749252,小石川大神宮
35.7087647,139.4172832,熊野神社
35.5362431,139.4532426,澁池弁財天社
35.7502433,139.8088421,三吉稲荷神社
35.5911122,139.3910305,小山日枝神社
35.7595161,139.4005058,稲荷神社
35.756179,139.8563754,青砥神社
35.7447216,139.7967573,伏見稲荷大明神
35.5042507,139.4733001,山王山日枝神社
35.71571,139.480738,上水南町稲荷神社（堀端野中）
35.7480445,139.8221546,小谷野神社
35.7265131,139.850559,新小岩天祖神社
35.5845259,139.4667102,椿森稲荷
35.7178526,139.4930755,回田氷川神社
35.7804105,139.2827099,春日神社
35.7252357,139.2223074,阿伎留神社社務所
35.6742718,139.4724805,武蔵神社
35.7987343,139.288126,大門神社
35.7283483,139.6986073,羽黒神社
35.7247997,139.7692946,笠森稲荷堂
35.7907802,139.2605695,穴守稲荷大明神
35.700013,139.7226566,宝禄稲荷神社
35.7951877,139.3240009,大東神社
35.724701,139.7861395,三島神社
35.6657459,139.4948647,瀧神社
35.6115214,139.2946301,大戸八雲神社
35.7358939,139.8311005,若宮八幡神社
35.6044091,139.3354485,白山神社
35.7861974,139.8444867,柳野稲荷神社
35.6647705,139.7508077,末廣稲荷大明神
35.6657058,139.754666,善処稲荷大明神
35.6641442,139.7547579,田村銀杏稲荷大明神
35.755728,139.8199582,小菅八幡宮
35.8142936,139.2814513,厚澤御嶽山神社
35.824246,139.2527535,八子谷神社
35.8263993,139.2463276,柏木神社
35.8269524,139.2571865,牛頭天王神社
35.8335881,139.2593463,山神神社
35.766353,139.7883725,関原八幡神社
35.766322,139.7857461,中曽根神社
35.7648987,139.7791031,田中稲荷神社
35.62758,139.581703,稲荷神社
35.7099589,139.3393463,拝島天神社
35.6381363,139.6928174,戸田稲荷
35.7046638,139.6646132,桃園稲荷
35.7070138,139.306416,宮下町若松神社
35.6677307,139.4889779,武蔵國府八幡宮
35.6672008,139.4823704,日吉神社
35.6451148,139.6604583,若林天満宮
35.6480919,139.661603,若林稲荷神社
35.7810444,139.7470969,糀屋氷川神社
35.6764538,139.6825927,白玉稲荷
35.6773299,139.6856415,初台出世稲荷
35.6483403,139.6443833,厳島社
35.7041688,139.7288492,両社稲荷神社
35.7187418,139.4674821,稲荷神社
35.7672532,139.4689138,白山神社
35.7350735,139.7826705,三峯神社
35.7527839,139.76336,馬場子育稲荷大明神
35.5456868,139.7504468,水神社
35.6656446,139.6590802,御嶽神社
