key,latitude,longitude,name
cafe,35.684236,139.7390476,スターバックス
cafe,35.7482853,139.7196284,珈琲館
cafe,35.7018499,139.7424458,スターバックス
cafe,35.6812934,139.6981229,ドトールコーヒーショップ
cafe,35.6749577,139.7124612,自家焙煎珈琲豆 「ルンバミーア」
cafe,35.6439454,139.7486585,エクセルシオール
cafe,35.5541666,139.7409292,コーヒー軽食チェスカ
cafe,35.5525352,139.7405711,カフェ・ベローチェ
cafe,35.5521292,139.7409686,ドトールコーヒーショップ
cafe,35.6947422,139.7453653,attic room YASUKUNI-GAIEN/cafe&dining
cafe,35.708607,139.7222682,CAT'S CRADLE
cafe,35.7085991,139.7225562,ビレン
cafe,35.6690479,139.6500268,スターバックス
cafe,34.7794509,139.363812,季まま亭
cafe,35.7202072,139.7636211,芋甚
cafe,35.7196021,139.7646513,喫茶・ギャラリー　りんごや
cafe,35.7197603,139.7648584,NaCaSa
cafe,35.720447,139.7649404,カフェ・コパン
cafe,35.720653,139.7655874,Couzt Cafe
cafe,35.7268789,139.7647679,やなか珈琲店
cafe,35.6630487,139.667211,スターバックス
cafe,35.5640336,139.7157299,たちばな書店蒲田店
cafe,35.659449,139.686303,イタリアントマト
cafe,35.7173569,139.813897,まとい
cafe,35.690629,139.743881,Cafe Hatopoppo
cafe,35.6874265,139.7425804,カフェ・ベローチェ
cafe,35.691947,139.7441204,三番町カフェ
cafe,35.6876468,139.7425487,珈琲館
cafe,35.7010661,139.759867,A&A認定ベクターワークスカフェジャパン
cafe,35.6695915,139.7653106,カフェ・ベローチェ
cafe,35.7526948,139.7100099,カフェ・ベローチェ
cafe,35.754993,139.7090461,モリバコーヒー 板橋仲宿店
cafe,35.7001644,139.7618745,スターバックス
cafe,35.6346264,139.5891136,Push Pull
cafe,35.6597024,139.7432472,Cafe FIRST
cafe,35.6869316,139.781525,スターバックス
cafe,35.687511,139.778414,ドトールコーヒーショップ
cafe,35.5948526,139.4584066,Ayers Rock
cafe,35.7324907,139.5999287,ノア
cafe,35.6630838,139.7447165,スターバックス
cafe,35.6628654,139.7461245,ドトールコーヒーショップ
cafe,35.7002854,139.7428114,カナルカフェ
cafe,35.6999854,139.7623512,エクセルシオール カフェ
cafe,35.6466005,139.7091535,ドトールコーヒーショップ
cafe,35.6670002,139.7067806,スターバックス
cafe,35.6671874,139.6494595,スプーンハウス
cafe,35.6696029,139.5300477,プロペラカフェ
cafe,35.7233858,139.5139859,杏's cafe
cafe,35.655786,139.7043997,カフェ・ベローチェ
cafe,35.6559902,139.7045379,ドトールコーヒーショップ
cafe,35.6561014,139.6980894,カフェ・ド・クリエ
cafe,35.7412061,139.5021712,ドトールコーヒーショップ
cafe,35.6471207,139.7440655,ドトールコーヒーショップ
cafe,35.7579152,139.6204189,ドトールコーヒーショップ
cafe,35.7023946,139.5794323,ルノアール
cafe,35.6616055,139.4128278,ドトールコーヒーショップ
cafe,35.63032,139.269757,Takao Coffee
cafe,35.6618449,139.6975425,ドトールコーヒーショップ
cafe,35.6603765,139.699818,エクセルシオール カフェ
cafe,35.6616777,139.7136788,ドトールコーヒーショップ
cafe,35.6613378,139.7143655,スターバックス
cafe,35.629303,139.5762953,サンマルクカフェ
cafe,35.5765265,139.7356845,撫愛荘
cafe,35.6588894,139.6255903,コロンボ (Colombo)
cafe,35.7046288,139.5785893,サンマルクカフェ
cafe,35.5424477,139.4480946,Sepia Cafe
cafe,35.6398866,139.599117,スターバックス
cafe,35.6425407,139.6086627,ドトールコーヒーショップ
cafe,35.7035467,139.5777558,近江屋
cafe,35.7545887,139.7369521,Pronto
cafe,35.7537343,139.7372697,Beck's Coffee Shop
cafe,35.659264,139.6822403,Dora
cafe,35.6593588,139.6818815,Colorado
cafe,35.5555517,139.4786701,暖 (Dan)
cafe,35.7046427,139.5770955,カフェ・ベローチェ
cafe,35.6880642,139.6000169,ドトールコーヒーショップ
cafe,35.6992167,139.7451955,ルノアール
cafe,35.6993645,139.7449293,ドトールコーヒーショップ
cafe,35.6525278,139.7353711,憩
cafe,35.6523828,139.7334443,Cafe Kariz
cafe,35.7064225,139.7744753,ドトールコーヒーショップ
cafe,35.7077954,139.6158118,石橋亭
cafe,35.6078539,139.6681584,エクセルシオール カフェ
cafe,35.6078873,139.6692216,スターバックス
cafe,35.6079285,139.6699428,モリバコーヒー
cafe,35.7316873,139.7111647,伯爵
cafe,35.6568792,139.5899891,小昼 (Kobilu)
cafe,35.7541737,139.7377658,スターバックス
cafe,35.7018039,139.7393725,veloce cV
cafe,35.7037266,139.6211503,ドトールコーヒーショップ
cafe,35.7029836,139.6000467,ドトールコーヒーショップ
cafe,35.6950077,139.5989987,コロナ
cafe,35.706005,139.7086246,タリーズコーヒー
cafe,35.7121467,139.7069442,Cafe CottonClub
cafe,35.7120694,139.7071239,ドトールコーヒーショップ
cafe,35.7122578,139.7067833,スターバックス
cafe,35.7128654,139.7055535,サンマルクカフェ
cafe,35.712836,139.7054341,まんがの時間
cafe,35.7130973,139.7051176,銀座コージーコーナー
cafe,35.7127598,139.704494,エクセルシオール カフェ
cafe,35.6648344,139.7123995,Délifrance
cafe,35.7588523,139.6288086,スターバックス
cafe,35.6687972,139.741071,ドトールコーヒーショップ
cafe,35.7026017,139.7666098,ドトールコーヒーショップ
cafe,35.7098848,139.6653703,サーティーワン アイスクリーム
cafe,35.6924718,139.674549,珈琲BELL
cafe,35.6834053,139.7846391,カフェ マスターズ
cafe,35.6827825,139.7851858,シェルブール
cafe,35.6602818,139.7428428,ツナグカフェ
cafe,35.6467756,139.7461783,エクセルシオール カフェ
cafe,35.7137823,139.7927508,ブロンディ
cafe,35.7184982,139.7876566,喫茶とみ一
cafe,35.7127958,139.7948563,金龍茶屋
cafe,35.7127759,139.7964014,キレット
cafe,35.7152975,139.792903,喫茶ブラザー
cafe,35.7214131,139.7626739,ミルクホール
cafe,35.6700139,139.7415338,スターバックス
cafe,35.6701691,139.7412278,カフェ・ド・クリエ
cafe,35.6792756,139.7986192,Sacra Cafe
cafe,35.6733843,139.7372059,エクセルシオール カフェ
cafe,35.674914,139.736123,Moriva Coffee
cafe,35.6939279,139.7009038,ドトールコーヒーショップ
cafe,35.7011575,139.7026171,TAK CAFE
cafe,35.6587259,139.7428724,New Ran
cafe,35.651681,139.7448197,カフェ・ド・クリエ
cafe,35.6727258,139.7672991,サンマルクカフェ
cafe,35.6727692,139.7672366,ドトールコーヒーショップ
cafe,35.7096177,139.6549198,ufotable cafe
cafe,35.6097065,139.7117138,ドトールコーヒーショップ
cafe,35.6955056,139.7706442,万惣
cafe,35.6955922,139.7688481,カフェ・ベローチェ
cafe,35.6553878,139.7961696,ドトールコーヒーショップ
cafe,35.6556337,139.7964141,スターバックス
cafe,35.6553241,139.7963653,Pronto
cafe,35.6440736,139.6991475,Segafredo
cafe,35.6443368,139.6796809,Olu olu cafe
cafe,35.6587425,139.7052337,スターバックス
cafe,35.5748339,139.6803712,ドトールコーヒーショップ
cafe,35.6355405,139.6142403,ダ・ノンナ
cafe,35.7279206,139.7118991,スターバックス
cafe,35.7330679,139.7093577,モリバコーヒー
cafe,35.7042482,139.5801073,エクセルシオール カフェ
cafe,35.7043361,139.5800763,イタリアントマト
cafe,35.6686598,139.7655914,タリーズコーヒー
cafe,35.6716935,139.7665908,スターバックス
cafe,35.6702592,139.7650197,トリコロール本店
cafe,35.6754844,139.7695215,ドトールコーヒーショップ
cafe,35.7094705,139.8005757,23番地カフェ
cafe,35.6497866,139.4467636,スターバックス
cafe,35.7001758,139.7988497,came cafe
cafe,35.698356,139.797125,茶房
cafe,35.711391,139.7747048,Pronto
cafe,35.7306154,139.4763583,KURICCHI
cafe,35.6848003,139.7753701,カフェ・ベローチェ
cafe,35.6847824,139.7748973,スターバックス
cafe,35.6525671,139.7537812,タリーズコーヒー
cafe,35.7229088,139.513727,Cafe&deli hug
cafe,35.6998738,139.4480141,freshly roasted Coffee
cafe,35.7054853,139.6195424,ドトールコーヒーショップ
cafe,35.7060871,139.6181981,カフェ・ベローチェ
cafe,35.7065046,139.6173752,３米３
cafe,35.6574776,139.704091,カフェ・ド・クリエ
cafe,35.6564007,139.7054779,スターバックス
cafe,35.6565383,139.7053018,上島珈琲店
cafe,35.6474232,139.7111083,The Alley Lujiaoxiang
cafe,35.6469752,139.7116165,ルノワール
cafe,35.6476928,139.7447494,サンマルクカフェ
cafe,35.6706959,139.7479687,エキスパート倶楽部
cafe,35.6699641,139.7470805,Le Petit Tonneau
cafe,35.6695867,139.7510881,上島珈琲店
cafe,35.6705283,139.7468176,Delirium Cafe Tokyo
cafe,35.6661722,139.7579385,カフェ・ド・クリエ
cafe,35.7310617,139.7102106,Beck's Coffee Shop
cafe,35.7149275,139.6871038,MIRAGE
cafe,35.6442736,139.6699545,Cafe Colorado
cafe,35.7088036,139.7753352,丘
cafe,35.7111727,139.7752834,まんがDoor
cafe,35.712419,139.776274,Beck's Coffee Shop
cafe,35.7789958,139.7214329,梅の木
cafe,35.752984,139.7385915,ドトールコーヒーショップ
cafe,35.7069524,139.6200326,INAZUMA CAFE
cafe,35.6968137,139.7978782,Cafe Jive
cafe,35.5468648,139.7206641,WORLD　BEANS
cafe,35.5473146,139.7201545,ドリーム
cafe,35.6787838,139.7819066,カフェ・ベローチェ
cafe,35.6793997,139.7720539,サンマルクカフェ
cafe,35.6457428,139.8260788,シャノワール
cafe,35.6457823,139.8266873,ドトールコーヒーショップ
cafe,35.7060518,139.6225298,コム デ ジュルノー
cafe,35.7072524,139.623244,カフェ・アルック
cafe,35.6234199,139.4256082,サンマルクカフェ
cafe,35.6245204,139.4255558,自遊空間
cafe,35.5890411,139.7310266,タリーズコーヒー
cafe,35.7300095,139.7481127,ドトールコーヒーショップ
cafe,35.7032377,139.6206118,CatRoomこるね
cafe,35.6836431,139.7417723,麹町カフェ
cafe,35.6621591,139.6674484,シャノワール
cafe,35.6726994,139.7947911,カフェ東亜サプライ
cafe,35.656911,139.7522494,スターバックス
cafe,35.6567309,139.7538194,ルノアール
cafe,35.7060861,139.6225415,カフェクレエル
cafe,35.6845262,139.7333836,タリーズコーヒー
cafe,35.682797,139.770884,エクセルシオール カフェ
cafe,35.6586323,139.7787261,フェアレディ
cafe,35.6632771,139.7091411,EYES CAFE
cafe,35.6898451,139.4276544,ノンノン
cafe,35.7049339,139.6204522,ドトールコーヒーショップ
cafe,35.7355737,139.4770574,gico gico
cafe,35.6879473,139.7002831,スターバックス
cafe,35.6870109,139.7007579,クリスピー・クリーム・ドーナツ
cafe,35.6958924,139.7920522,両国テラス
cafe,35.6481197,139.7447869,ろむれざん
cafe,35.6499729,139.7450255,タリーズコーヒー
cafe,35.6490782,139.7449007,カフェ・ベローチェ
cafe,35.6564588,139.7356194,RACCOON
cafe,35.7032367,139.6208432,F.イワモリ (Cafe candle F iwamori )
cafe,35.7001275,139.4356092,ビアンカ
cafe,35.7499138,139.5863088,ドトールコーヒーショップ
cafe,35.6569628,139.7391844,Milieu
cafe,35.656727,139.738985,Togu
cafe,35.6884431,139.6976605,Pronto
cafe,35.6820885,139.6264781,函館 美鈴
cafe,35.7023539,139.6360611,好茶
cafe,35.6595614,139.7011607,SCRAMBLE
cafe,35.6597052,139.7008913,星乃珈琲
cafe,35.7045776,139.6189752,Beck's Coffee Shop
cafe,35.6705062,139.741266,ドトールコーヒーショップ
cafe,35.6716892,139.7398533,のぶ
cafe,35.7120933,139.7792456,ドトールコーヒーショップ
cafe,35.64554,139.6973432,上島珈琲店 (Ueshima Coffee Ten)
cafe,35.6985283,139.784817,コーヒーの店 杉
cafe,35.701258,139.5437048,Library Cafe
cafe,35.6923235,139.6375577,Hina-Hana Cafe
cafe,35.6943626,139.641039,TeaRoom けやき
cafe,35.7025545,139.5430907,ドトールコーヒーショップ
cafe,35.651112,139.6235135,Ami
cafe,35.7040339,139.66534,風月堂
cafe,35.7068537,139.6654402,スターバックス
cafe,35.7006527,139.7424064,ドトールコーヒーショップ
cafe,35.5763912,139.4986494,シュルツ カフェ
cafe,35.6363646,139.5880135,ドトールコーヒーショップ
cafe,35.6437509,139.551295,バロン
cafe,35.7757708,139.3055483,珈琲館 羽村店
cafe,35.7080763,139.7607602,スターバックス
cafe,35.7047036,139.6193545,スターバックス
cafe,35.6475972,139.7475078,JUSCHE
cafe,35.6956743,139.7587331,TAM TAM
cafe,35.6955716,139.758563,さぼうる2
cafe,35.6955733,139.7586758,さぼうる
cafe,35.6942138,139.7629661,スターバックス
cafe,35.6943665,139.7655667,EXCELCIOR CAFE
cafe,35.6946376,139.7661051,BLENZ coffee
cafe,35.6954613,139.7671551,タリーズコーヒー
cafe,35.6951594,139.7676302,ドトールコーヒーショップ
cafe,35.6949864,139.7669993,ルノアール
cafe,35.6968096,139.7693663,80's Cafe
cafe,35.7067916,139.6665622,ルノアール
cafe,35.6343708,139.716299,MORIVA COFFEE
cafe,35.6342631,139.7160394,スターバックス
cafe,35.6601017,139.6960351,タリーズコーヒー
cafe,35.6603261,139.6966364,スターバックス
cafe,35.6703394,139.7442789,Cafe Retreat
cafe,35.6702717,139.7449814,swan
cafe,35.667334,139.757236,Pronto
cafe,35.6673494,139.7571847,驛舎珈琲店
cafe,35.6680267,139.7560503,エクセルシオール カフェ
cafe,35.6705289,139.7421136,タリーズコーヒー
cafe,35.6591579,139.6987844,miami villa
cafe,35.6592134,139.6989601,キーフェル
cafe,35.6578405,139.6912391,cafe cafe
cafe,35.6687879,139.6500533,ドトールコーヒーショップ
cafe,35.5916953,139.6809419,ドトールコーヒーショップ
cafe,35.6461971,139.7470967,ドトールコーヒーショップ
cafe,35.7012275,139.544916,スターバックス
cafe,35.656693,139.7542923,上島珈琲店
cafe,35.6562919,139.7524701,タリーズコーヒー
cafe,35.6685256,139.7466267,スターバックス
cafe,35.6680196,139.7460263,珈琲大使館
cafe,35.6655408,139.6634111,下北沢オープンソース Cafe
cafe,35.6614789,139.6980254,サンマルクカフェ
cafe,35.6617474,139.6979233,マンボー
cafe,35.6606086,139.6979199,グランサイバーカフェ
cafe,35.6602538,139.6983804,ドトールコーヒーショップ
cafe,35.6602856,139.6991259,茶房 椿屋
cafe,35.7026499,139.579196,きゃりこ
cafe,35.6625166,139.697633,モボモガ
cafe,35.6625415,139.6974535,139 A Carte Dinner
cafe,35.6626688,139.6973071,Muse
cafe,35.6636525,139.6987574,Kahemi cafe
cafe,35.6636301,139.6993245,Kawara Cafe
cafe,35.6616386,139.6996287,Miyama
cafe,35.6628737,139.6972105,Regan
cafe,35.6641723,139.6991507,shiroichi
cafe,35.6626172,139.6972008,smile
cafe,35.6621973,139.6995238,エクセルシオール カフェ
cafe,35.6635476,139.6989761,サンマルクカフェ
cafe,35.6640377,139.6991843,スターバックス
cafe,35.6000977,139.3796053,スターバックス
cafe,35.5430536,139.7898657,ブルーコーナー
cafe,35.706538,139.7176026,Le Cafe Retro
cafe,35.644565,139.537317,喫茶 みよし
cafe,35.6462964,139.7465072,コージーコーナー
cafe,35.6720343,139.6017763,フォレスト
cafe,35.6613772,139.7027242,Freeman Cafe
cafe,35.6613618,139.7026411,ルノアール
cafe,35.6599468,139.7037449,まんぼー
cafe,35.6597795,139.7029981,エクセルシオール
cafe,35.6601863,139.7026241,ドトールコーヒーショップ
cafe,35.6598644,139.7033865,集
cafe,35.7773208,139.6326618,MOSCO
cafe,35.6914213,139.7075234,ルノアール
cafe,35.7778364,139.6312383,カフェ・ディ・エスプレッソ珈琲館
cafe,35.7777265,139.6302043,ドトールコーヒーショップ
cafe,35.7776895,139.6307863,サンマルクカフェ
cafe,35.6565734,139.700956,shibuya cage
cafe,35.7778503,139.6320248,不二越
cafe,35.7711692,139.6449092,ドトールコーヒーショップ
cafe,35.6865784,139.6978317,カフェ・ド・クリエ
cafe,35.7558108,139.6957809,ドトールコーヒーショップ
cafe,35.7560262,139.6955421,ドトール
cafe,35.7119954,139.565469,Esprit de Paris
cafe,35.7275826,139.6166653,むさしの森珈琲
cafe,35.5441497,139.4457422,宮越屋珈琲
cafe,35.6277493,139.7410741,エクセルシオール カフェ
cafe,35.668536,139.7401178,NEW SEM
cafe,35.6679506,139.7394935,野瀬園
cafe,35.6699524,139.6006465,葉山コーヒー(Hayama cafe)
cafe,35.7350195,139.4909143,ラグラス (Laguras)
cafe,35.6890875,139.6982103,ルノアール
cafe,35.7018244,139.5451011,エクセルシオール カフェ
cafe,35.7114386,139.5376699,ゆう遊空間
cafe,35.6784943,139.6924747,Anea Cafe
cafe,35.7939965,139.3159306,スターバックス
cafe,35.7036913,139.5607736,ドトールコーヒーショップ
cafe,35.7031296,139.5604265,Fresh Table Cafe
cafe,35.6475124,139.6780492,Siry
cafe,35.6568759,139.7557105,ドトールコーヒーショップ
cafe,35.7037074,139.7740525,ASAN
cafe,35.7349672,139.7470739,ドトールコーヒーショップ
cafe,35.7330325,139.7485229,東城
cafe,35.7368088,139.7463527,アルプス
cafe,35.7385173,139.7460216,百塔珈琲
cafe,35.776081,139.6953402,ドトールコーヒーショップ
cafe,35.7276148,139.7456879,八百コーヒー店
cafe,35.735356,139.7477781,すぎ
cafe,35.6847981,139.7327952,エクセルシオール カフェ
cafe,35.6933617,139.472909,おたカフェ
cafe,35.6266016,139.6373715,a2
cafe,35.6212163,139.6729062,グリーンカフェ 八雲
cafe,35.6259808,139.6710396,オニバスコーヒー八雲
cafe,35.6436463,139.7361211,白金珈琲
cafe,35.6296494,139.733313,エーデルワイス
cafe,35.6088045,139.647198,ドトールコーヒーショップ
cafe,35.6490445,139.6999632,スターバックス
cafe,35.6812845,139.6857837,ドトールコーヒーショップ
cafe,35.6820287,139.6851697,珈琲館
cafe,35.633225,139.5167485,Green World Cafe
cafe,35.6787503,139.6361601,EAGA
cafe,35.6800555,139.6371698,珠杏
cafe,35.6352893,139.7150058,やなか珈琲店
cafe,35.6306407,139.7377768,Pronto
cafe,35.7027186,139.541924,Bakery Crown Cafe
cafe,35.6559677,139.5321742,カトレア
cafe,35.6390384,139.7353964,Maho's Table
cafe,35.6362174,139.7332897,cafe 10
cafe,35.6306102,139.7371833,タリーズコーヒー
cafe,35.6614793,139.5857584,スターバックス
cafe,35.7784413,139.7200413,スターバックス
cafe,35.6250413,139.4736967,リトルバード
cafe,35.667574,139.5461043,深山
cafe,35.6667787,139.5492076,万葉
cafe,35.5639528,139.7459893,珈琲野郎
cafe,35.7138216,139.759525,スターバックス
cafe,35.6554827,139.7038045,渋谷珈琲研究所
cafe,35.7865752,139.3103153,パセリ
cafe,35.7935017,139.2989242,珈夢異
cafe,35.7098312,139.5717728,Cafe de Leger
cafe,35.6524697,139.543244,貢茶
cafe,35.602559,139.3688905,喫茶アルル
cafe,35.627809,139.773002,スターバックス
cafe,35.7109827,139.7831377,カフェ・ベローチェ
cafe,35.6992791,139.7723868,エクセルシオール カフェ
cafe,35.6694356,139.8184986,カフェ・ベローチェ
cafe,35.6444535,139.6697533,スターバックス
cafe,35.6264063,139.6264765,スターバックス
cafe,35.6395267,139.6319241,スターバックス
cafe,35.6133051,139.6267188,スターバックス
cafe,35.6431261,139.6090472,ドトールコーヒーショップ
cafe,35.6404595,139.5984348,ドトールコーヒーショップ
cafe,35.6976453,139.647705,ドトールコーヒーショップ
cafe,35.6835188,139.6586128,ドトールコーヒーショップ
cafe,35.682549,139.6273052,ドトールコーヒーショップ
cafe,35.7042244,139.5997243,ドトールコーヒーショップ
cafe,35.7234627,139.6253473,ドトールコーヒーショップ
cafe,35.7018733,139.6366931,ドトールコーヒーショップ
cafe,35.6224112,139.6843962,スターバックス
cafe,35.6290558,139.6851306,ドトールコーヒーショップ
cafe,35.6291865,139.6842313,スターバックス
cafe,35.6291255,139.6848697,ドトールコーヒーショップ
cafe,35.6087388,139.6674002,スターバックス
cafe,35.6434627,139.6988317,スターバックス
cafe,35.7345948,139.7367802,スカイ
cafe,35.6129267,139.6262814,ル サロンド ニナス
cafe,35.612943,139.6275058,スターバックス
cafe,35.6433258,139.6698902,ドトールコーヒーショップ
cafe,35.7352973,139.7353144,亜沙美亭
cafe,35.6688438,139.6010546,ドトールコーヒーショップ
cafe,35.6474003,139.6243198,ドトールコーヒーショップ
cafe,35.7358057,139.7346023,ALPS Cafe
cafe,35.7369138,139.7330119,貴族
cafe,35.7371533,139.7326913,巣鴨はち八
cafe,35.7384222,139.7309357,巣鴨桜宮
cafe,35.6505683,139.6839309,タリーズコーヒー
cafe,35.6318651,139.6449521,タリーズコーヒー
cafe,35.631481,139.6443932,ドトールコーヒーショップ
cafe,35.6513334,139.6355599,タリーズコーヒー
cafe,35.6363904,139.6189838,タリーズコーヒー
cafe,35.7007746,139.5781929,スターバックス
cafe,35.705315,139.5776516,スターバックス
cafe,35.703983,139.5805023,スターバックス
cafe,35.7031052,139.5792175,スターバックス
cafe,35.7373231,139.7327881,プチボア
cafe,35.6452737,139.6976268,スターバックス
cafe,35.6342143,139.7133755,Blue Bottle Coffee
cafe,35.6775011,139.5667688,スターバックス
cafe,35.7333626,139.7382221,銀座コージーコーナー
cafe,35.7332309,139.7384072,サンマルクカフェ
cafe,35.6560148,139.7592914,タリーズコーヒー
cafe,35.7466854,139.7195121,COLORADO
cafe,35.6060224,139.7126976,ドトールコーヒーショップ
cafe,35.7461405,139.7194596,Beck's Coffee Shop
cafe,35.610322,139.6944385,ドトールコーヒーショップ
cafe,35.6446154,139.6984764,ドトールコーヒーショップ
cafe,35.7411526,139.616081,ドトールコーヒーショップ
cafe,35.7634842,139.6759149,ドトールコーヒーショップ
cafe,35.7569672,139.8758823,かんたあれ
cafe,35.6760353,139.6438788,ドトールコーヒーショップ
cafe,35.6851096,139.7879843,ドトールコーヒーショップ
cafe,35.6872108,139.7753044,スターバックス
cafe,35.6793845,139.7807793,スターバックス
cafe,35.6765852,139.7695113,スターバックス
cafe,35.6609312,139.7279294,上島珈琲店
cafe,35.6722427,139.7676164,スターバックス
cafe,35.6712526,139.7603141,スターバックス
cafe,35.6679087,139.7673177,スターバックス
cafe,35.6590538,139.7278157,フィヨルド
cafe,35.642972,139.671113,上島珈琲店
cafe,35.6398931,139.5993893,上島珈琲店
cafe,35.6554835,139.7363936,上島珈琲店
cafe,35.6555641,139.7368295,タリーズコーヒー
cafe,35.6557467,139.7360521,スターバックス
cafe,35.7340472,139.7383622,上島珈琲店
cafe,35.7169371,139.7283385,上島珈琲店
cafe,35.706876,139.6872325,上島珈琲店 (Ueshima Coffee Ten)
cafe,35.665743,139.8353578,上島珈琲店 (Ueshima Coffee Ten)
cafe,35.683026,139.7717219,上島珈琲店
cafe,35.5881759,139.727127,上島珈琲店
cafe,35.7055119,139.6492949,上島珈琲店
cafe,35.608712,139.6689377,上島珈琲店 (Ueshima Coffee Ten)
cafe,35.6909687,139.7571269,上島珈琲店
cafe,35.6827599,139.7741994,上島珈琲店
cafe,35.6625064,139.7524583,上島珈琲店
cafe,35.6776514,139.7708621,上島珈琲店
cafe,35.6504765,139.721764,スターバックス
cafe,35.6505469,139.7219593,上島珈琲店
cafe,35.7719337,139.6997947,LEAVES
cafe,35.6558617,139.6946747,MORIVA COFFEE
cafe,35.655994,139.695458,FabCafe
cafe,35.7318647,139.7083135,エクセルシオール カフェ
cafe,35.7318995,139.7069869,ドトールコーヒーショップ
cafe,35.7031238,139.5813505,タリーズコーヒー
cafe,35.6960997,139.5480144,タリーズコーヒー
cafe,35.6790893,139.740609,Excelsior Caffé
cafe,35.6863564,139.7826253,カフェ・ド・クリエ
cafe,35.7136643,139.703282,ドトールコーヒーショップ
cafe,35.7135838,139.7034323,カフェ・ド・クリエ
cafe,35.6873212,139.6952137,カフェ・ド・クリエ
cafe,35.687196,139.6946735,ドトールコーヒーショップ
cafe,35.7305027,139.7145445,カフェ・ド・クリエ
cafe,35.5897337,139.7282055,カフェ・ド・クリエ
cafe,35.6666103,139.7555952,カフェ・ド・クリエ
cafe,35.5614596,139.7174361,カフェ・ド・クリエ
cafe,35.6987232,139.7728561,Beck's Coffee Shop
cafe,35.6979571,139.7724474,めいどりーみん
cafe,35.6977104,139.7723076,マンガ・ネット館
cafe,35.6704709,139.7498457,カフェ・ド・クリエ
cafe,35.7010337,139.7467554,カフェ・ド・クリエ
cafe,35.6461558,139.7111446,カフェ・ド・クリエ
cafe,35.7007249,139.7434629,カフェ・ド・クリエ
cafe,35.6983029,139.7715003,MaiDreamin
cafe,35.6504769,139.5547691,ぶんぶん
cafe,35.701401,139.7705745,Cafe Euro
cafe,35.7024312,139.770483,Honey Honey
cafe,35.626799,139.7409602,カフェ・ド・クリエ
cafe,35.7279043,139.7155327,カフェ・ド・クリエ
cafe,35.6649022,139.7530632,カフェ・ド・クリエ
cafe,35.6998503,139.4141889,カフェ・ド・クリエ
cafe,35.6921837,139.7391696,カフェ・ド・クリエ
cafe,35.6977958,139.8111021,カフェ・ド・クリエ
cafe,35.7223923,139.7621598,カフェ・ド・クリエ
cafe,35.7026004,139.737697,カフェ・ド・クリエ
cafe,35.6970796,139.7634644,ドトールコーヒーショップ
cafe,35.6926156,139.741995,カフェ・ド・クリエ
cafe,35.6953375,139.7522388,カフェ・ド・クリエ
cafe,35.6995541,139.7707877,＠ほぉ～むカフェ
cafe,35.6855076,139.7321693,カフェ・ド・クリエ
cafe,35.6922361,139.723338,カフェ・ド・クリエ
cafe,35.6128026,139.3791934,カフェ・ド・クリエ
cafe,35.6726885,139.7382134,カフェ・ド・クリエ
cafe,35.6801784,139.7853097,カフェ・ド・クリエ
cafe,35.6569604,139.6955606,カフェ・ド・クリエ
cafe,35.7093616,139.8009256,カフェ・ド・クリエ
cafe,35.6558075,139.7348491,カフェ・ド・クリエ
cafe,35.6974621,139.414845,カフェ・ド・クリエ
cafe,35.7292534,139.7093701,カフェ・ド・クリエ
cafe,35.6669331,139.7661697,カフェ・ド・クリエ
cafe,35.6930101,139.7024006,カフェ・ド・クリエ
cafe,35.7286008,139.7195538,カフェ・ド・クリエ
cafe,35.6818162,139.787345,カフェ・ド・クリエ
cafe,35.7061775,139.7758471,カフェ・ド・クリエ
cafe,35.6795307,139.7796389,カフェ・ド・クリエ
cafe,35.6858431,139.784849,カフェ・ド・クリエ
cafe,35.6920924,139.7079943,カフェ・ド・クリエ
cafe,35.7800896,139.7193573,カフェ・ド・クリエ
cafe,35.5626225,139.7157265,カフェ・ド・クリエプラス
cafe,35.699905,139.4799149,カフェ・ド・クリエプラス
cafe,35.6571659,139.7586212,カフェ・ド・クリエプラス
cafe,35.6837537,139.703201,カフェ・ド・クリエ
cafe,35.6908697,139.7360803,カフェ・ド・クリエ
cafe,35.6565056,139.7551814,カフェ・ド・クリエ
cafe,35.751983,139.8584157,カフェ・ド・クリエ
cafe,35.6708183,139.7525313,カフェ・ド・クリエ
cafe,35.6960569,139.6891437,カフェ・ド・クリエ
cafe,35.7502116,139.8025514,TSUTAYA
cafe,35.6657199,139.7681799,カフェ・ド・クリエ
cafe,35.6688337,139.7553944,カフェ・ド・クリエ
cafe,35.69731,139.7425227,カフェ・ド・クリエ
cafe,35.6680461,139.6129783,スターバックス
cafe,35.7086565,139.6649042,カフェ・ベローチェ
cafe,35.705347,139.6689731,カフェ・ベローチェ
cafe,35.6972668,139.6677471,カフェ・ベローチェ
cafe,35.6694169,139.6008111,カフェ・ベローチェ
cafe,35.6327099,139.6599486,カフェ・ベローチェ
cafe,35.6497852,139.7563567,ドトールコーヒーショップ
cafe,35.6238781,139.7507675,エクセルシオール カフェ
cafe,35.6720036,139.7331357,エクセルシオール カフェ
cafe,35.667173,139.776781,エクセルシオール カフェ
cafe,35.6852794,139.6908898,エクセルシオール カフェ
cafe,35.6265901,139.7244302,エクセルシオール カフェ
cafe,35.6592478,139.6990945,エクセルシオール カフェ
cafe,35.6692723,139.7556843,エクセルシオール カフェ
cafe,35.6576973,139.6974816,エクセルシオール カフェ
cafe,35.6605621,139.6993257,エクセルシオール カフェ
cafe,35.6952513,139.6986885,エクセルシオール カフェ
cafe,35.6625587,139.7449273,エクセルシオール カフェ
cafe,35.7282699,139.7714382,エクセルシオール カフェ
cafe,35.6572991,139.7832016,エクセルシオール カフェ
cafe,35.6905107,139.735885,エクセルシオール カフェ
cafe,35.7489469,139.7019721,エクセルシオール カフェ
cafe,35.7183435,139.7938019,Danke
cafe,35.697564,139.6796443,サンマルクカフェ
cafe,35.7103421,139.7131447,カフェ　ツバメ
cafe,35.7106276,139.7126021,西東詩集
cafe,35.692485,139.6868152,マックス
cafe,35.6920051,139.6882151,EAST WAY CAFFE
cafe,35.6922715,139.689927,スターバックス
cafe,35.6924149,139.6909024,RIE coffee
cafe,35.7089749,139.7056467,ザッシカフェ
cafe,35.6836564,139.7014093,ドトールコーヒーショップ
cafe,35.6605138,139.3806616,ドトールコーヒーショップ
cafe,35.6865976,139.7823841,エクセルシオール カフェ
cafe,35.6073323,139.6848053,エクセルシオール カフェ
cafe,35.6592343,139.7930314,エクセルシオール カフェ
cafe,35.708215,139.7526647,エクセルシオール カフェ
cafe,35.6565394,139.7591876,エクセルシオール カフェ
cafe,35.6842186,139.7385671,エクセルシオール カフェ
cafe,35.6057366,139.7355662,エクセルシオール カフェ
cafe,35.5877115,139.7292865,エクセルシオール カフェ
cafe,35.6182953,139.7280163,エクセルシオール カフェ
cafe,35.7010155,139.4814006,スターバックス
cafe,35.772547,139.5197752,スターバックス
cafe,35.6258983,139.776289,ホノルルコーヒー
cafe,35.6589423,139.6627568,白髭泡芙工房白髭のシュークリーム工房
cafe,35.6922751,139.4611756,ドトールコーヒーショップ
cafe,35.6600228,139.585326,Cafe Jr.
cafe,35.690927,139.7574252,スターバックス
cafe,35.6877493,139.7644969,スターバックス
cafe,35.6863897,139.7652318,スターバックス
cafe,35.6851612,139.7669162,スターバックス
cafe,35.6870958,139.7656126,スターバックス
cafe,35.6929081,139.7708312,ドトールコーヒーショップ
cafe,35.6928023,139.7704143,カフェ・ベローチェ
cafe,35.6593979,139.7523778,アイビー館
cafe,35.6494919,139.747664,スターバックス
cafe,35.6471206,139.7473233,タリーズコーヒー
cafe,35.6619574,139.7242127,円居 (まどい)
cafe,35.6614008,139.7233831,Tearoom Friends
cafe,35.6599853,139.723164,TeTeS
cafe,35.6627194,139.7122143,Cafe Madu
cafe,35.6627281,139.7111307,スターバックス
cafe,35.6633906,139.7111789,ドトールコーヒーショップ
cafe,35.6630779,139.7128505,Nomu
cafe,35.6627673,139.7106425,ファーイーストカフェ
cafe,35.6628066,139.7095643,cafe table TERRACE
cafe,35.6617987,139.7115451,蔦珈琲店
cafe,35.6556065,139.653248,梅が丘ビストロ くるみ
cafe,35.6517576,139.6574793,レンガ屋
cafe,35.6499247,139.6597484,ひつじの
cafe,35.6289248,139.7436826,伊右衛門カフェ
cafe,35.7357686,139.3300776,珈琲 まよか
cafe,35.6452566,139.7118473,モンスーンカフェ
cafe,35.6293562,139.4480588,タリーズコーヒー
cafe,35.6228559,139.4252046,スターバックス
cafe,35.6910746,139.735722,スターバックス
cafe,35.6958237,139.7522605,スターバックス
cafe,35.6956875,139.7506041,スターバックス
cafe,35.7011996,139.7501102,スターバックス
cafe,35.6907868,139.7648236,タリーズコーヒー
cafe,35.6933386,139.7712778,スターバックス
cafe,35.6977586,139.7737501,スターバックス
cafe,35.698499,139.7721046,スターバックス
cafe,35.6888621,139.7628312,スターバックス
cafe,35.6464178,139.7458726,カフェ・ベローチェ
cafe,35.6451765,139.7074516,Lav
cafe,35.6877655,139.5588867,コメダ珈琲店
cafe,35.6380801,139.6920449,ドトールコーヒーショップ
cafe,35.7165277,139.5495736,タンパ
cafe,35.6616332,139.4139945,タリーズコーヒー
cafe,35.6857823,139.7289847,サンマルクカフェ
cafe,35.6248119,139.7217425,ドトールコーヒーショップ
cafe,35.7049444,139.5771236,てまりのおうち
cafe,35.7062314,139.5767849,茶の愉 (Cha no Yu)
cafe,35.6749567,139.7636138,Pronto
cafe,35.7503556,139.8057878,スターバックス
cafe,35.750386,139.804967,スターバックス
cafe,35.7498027,139.8056166,ドトールコーヒーショップ
cafe,35.7945499,139.7923141,DOUTOR
cafe,35.7504339,139.804206,ドトールコーヒーショップ
cafe,35.7494097,139.8061238,ドトールコーヒーショップ
cafe,35.7657712,139.8090372,ドトールコーヒーショップ
cafe,35.620383,139.72895,サンマルクカフェ
cafe,35.7045666,139.646379,Rui
cafe,35.6951361,139.813434,スターバックス
cafe,35.69715,139.813309,スターバックス
cafe,35.709684,139.8096259,スターバックス
cafe,35.7106771,139.8126083,タリーズコーヒー
cafe,35.6973846,139.8093525,タリーズコーヒー
cafe,35.7009702,139.815288,タリーズコーヒー
cafe,35.7003721,139.8163382,タリーズコーヒー
cafe,35.6962716,139.8155854,ドトールコーヒーショップ
cafe,35.6976186,139.8145604,ドトールコーヒーショップ
cafe,35.6882501,139.8052129,ドトールコーヒーショップ
cafe,35.6955408,139.7934242,ドトールコーヒーショップ
cafe,35.7252496,139.8193275,ドトールコーヒーショップ
cafe,35.7175616,139.8179247,ドトールコーヒーショップ
cafe,35.6955019,139.7941026,カフェ・ベローチェ
cafe,35.6956575,139.7920603,サンマルクカフェ
cafe,35.7051889,139.6195863,サンマルクカフェ
cafe,35.704371,139.6368481,サンマルクカフェ
cafe,35.7040331,139.6487981,サンマルクカフェ
cafe,35.6699217,139.6818118,サンマルクカフェ
cafe,35.6537715,139.6471993,サンマルクカフェ
cafe,35.6512214,139.6377506,サンマルクカフェ
cafe,35.6997795,139.7742164,Pronto
cafe,35.700545,139.7725627,Pronto
cafe,35.657013,139.7540105,Favorite Time Coffee 芝大門ABC館
cafe,35.7039198,139.6214881,コメダ珈琲店
cafe,35.6433891,139.6714423,コメダ珈琲店
cafe,35.6890949,139.8288675,コメダ珈琲店
cafe,35.7855877,139.8654749,コメダ珈琲店
cafe,35.7317895,139.7104566,コメダ珈琲店
cafe,35.6658846,139.5833201,コメダ珈琲店
cafe,35.7968195,139.7946931,コメダ珈琲店
cafe,35.6170162,139.4132382,コメダ珈琲店
cafe,35.7802726,139.6514933,コメダ珈琲店
cafe,35.6417757,139.4901494,コメダ珈琲店
cafe,35.5724598,139.684373,コメダ珈琲店
cafe,35.5654804,139.4447947,コメダ珈琲店
cafe,35.5536939,139.4277936,コメダ珈琲店
cafe,35.6681654,139.7599602,CAFÉ BALCONY
cafe,35.6711218,139.7627649,風月堂
cafe,35.6692053,139.7610656,Pronto
cafe,35.670696,139.7610416,R25 café
cafe,35.6681112,139.7619956,カフェ パウリスタ
cafe,35.7014944,139.7713194,エクセルシオール カフェ
cafe,35.62857,139.775736,Maru no Ki
cafe,35.6073946,139.7038434,ドトールコーヒーショップ
cafe,35.5832233,139.4804247,スターバックス
cafe,35.699595,139.7762416,ドトールコーヒーショップ
cafe,35.7005792,139.7751967,ドトールコーヒーショップ
cafe,35.6994924,139.7695719,ドトールコーヒーショップ
cafe,35.6493119,139.691105,カフェフレンド　シュプール
cafe,35.6490868,139.6914137,2・3・4
cafe,35.6452265,139.6977765,ペア
cafe,35.6440578,139.6979865,漫画喫茶 ドラゴン
cafe,35.650539,139.6753638,PLACE JAUNE
cafe,35.649921,139.6743759,coneotde
cafe,35.6602524,139.6728159,KAMAKURA
cafe,35.6593098,139.6728945,PUTTO
cafe,35.6603145,139.6729277,スリーコンカフェ
cafe,35.68078,139.763644,ease
cafe,34.7376327,139.3797492,御神火茶屋
cafe,35.6369923,139.4158531,Funny Face
cafe,35.6870901,139.599765,豆の木
cafe,35.669785,139.741099,タリーズコーヒー
cafe,35.7026798,139.619737,茶房コト
cafe,35.700414,139.74251,スターバックス
cafe,34.68738,139.439777,松泉堂
cafe,34.753696,139.3571277,らイブ
cafe,35.678934,139.392239,サカエヤ茶楼
cafe,35.667621,139.37728,BASEL
cafe,34.066877,139.482243,CAFE691
cafe,35.6665735,139.7100544,モスカフェ
cafe,35.653896,139.796157,ペル・エ・メル
cafe,35.7695826,139.3067839,ヨコタン
cafe,35.7038155,139.5833239,シアターカフェ
cafe,35.7001206,139.5860507,CAFE MiMi
cafe,35.6996604,139.5868616,SUIZIGAI CAFE
cafe,34.74919,139.3547407,Cafe Island
cafe,35.5429153,139.4444308,タリーズコーヒー
cafe,35.5431503,139.4440592,スターバックス
cafe,35.691191,139.769167,カフェ・ベローチェ
cafe,34.7639656,139.3580374,きらく小屋
cafe,35.619923,139.7284135,Beck's Coffee Shop
cafe,35.6804736,139.6864822,ドトールコーヒーショップ
cafe,35.68812,139.698387,ドトールコーヒーショップ
cafe,35.700061,139.41524,ハーツ
cafe,35.6611816,139.7010015,カフェ珈琲館
cafe,35.6734291,139.7608512,ドトールコーヒーショップ
cafe,35.686566,139.695209,Excelsior
cafe,35.684828,139.6923812,カフェ・ベローチェ
cafe,35.686509,139.695031,Vie de France Cade
cafe,35.687188,139.6966,スターバックス
cafe,35.6426894,139.7498577,ドトールコーヒーショップ
cafe,35.6649105,139.2880584,スターバックス
cafe,35.6554634,139.3354448,G.M.
cafe,35.6670234,139.75368,やなか珈琲
cafe,35.6352102,139.5774402,カフェ マメフク
cafe,35.655707,139.341331,NICO CAFE
cafe,35.6979404,139.4469307,スターバックス
cafe,35.663697,139.365168,BASEL
cafe,35.7042091,139.5758636,ぷらす90℃
cafe,35.687631,139.69768,Friend
cafe,35.680464,139.687244,petiteRie
cafe,35.710791,139.703357,Cafe Rapport
cafe,35.6332247,139.5891029,Cafe de Beans
cafe,35.70067,139.524855,喫茶まりも
cafe,35.702139,139.50739,Crown
cafe,35.7001,139.506682,上島珈琲店 武蔵小金井店
cafe,35.7018899,139.5069992,喫茶室たきざわ
cafe,35.703156,139.561216,Wip
cafe,35.7037826,139.5603912,ルノアール
cafe,35.704788,139.563154,珈琲壹番館
cafe,35.7024473,139.5604779,タリーズコーヒー
cafe,35.70336,139.561183,カフェ・テラスヴェルト
cafe,35.7005404,139.7534272,ギークカフェ水道橋
cafe,35.656958,139.341018,タリーズコーヒー
cafe,35.6599028,139.368261,Cafe&Kitchen おあしす
cafe,35.702657,139.737622,il gusto Dolce Vita
cafe,35.7604617,139.7195518,Yoshi's Cafe
cafe,35.763115,139.329034,喫茶樹樹
cafe,35.7024271,139.576843,八十八夜
cafe,35.662514,139.69874,SUZU CAFE
cafe,35.662497,139.698262,Royal Garden Cafe
cafe,35.6602952,139.7056631,ドトールコーヒーショップ
cafe,35.700743,139.75479,Cafe &Beer SWING
cafe,35.6583981,139.3682449,Canaan
cafe,35.607483,139.669771,エクセルシオール カフェ
cafe,35.6624659,139.66016,CHERRY
cafe,35.6625306,139.6550048,東亜
cafe,35.6270402,139.7204759,デスタン
cafe,35.789843,139.254911,ねじまき雲
cafe,35.7904217,139.2607983,夏への扉
cafe,35.661392,139.751309,Excelsior Cafe
cafe,35.661989,139.748985,スターバックス
cafe,35.716799,139.766085,珈琲館
cafe,35.7146965,139.7675618,サンクレスト
cafe,35.699421,139.787381,Cafe di Espresso
cafe,35.697933,139.786428,サンマルクカフェ
cafe,35.7068868,139.6827395,ドトールコーヒーショップ
cafe,35.7427911,139.6482266,ドトールコーヒーショップ
cafe,35.6253932,139.4248287,タリーズコーヒー
cafe,35.6250208,139.4243167,ドトールコーヒーショップ
cafe,35.6925515,139.7010149,cafe dè Bore
cafe,35.6925031,139.7013409,ルノアール
cafe,35.6918426,139.7032176,星乃珈琲店
cafe,35.6589034,139.7320124,スターバックス
cafe,35.6704391,139.7072687,The Terminal
cafe,35.6752108,139.6684782,雅
cafe,35.6579697,139.7050027,ドトールコーヒーショップ
cafe,35.657603,139.7048,BisCafe
cafe,35.688202,139.698852,Segafredo
cafe,35.688453,139.699268,Cafe Miyama
cafe,35.7948128,139.29282,多摩ワールドコーヒー
cafe,35.6436524,139.3312821,ドトールコーヒーショップ
cafe,35.6677747,139.3771552,ガール
cafe,35.683096,139.738069,カフェ・ベローチェ
cafe,35.65629,139.782246,スターバックス
cafe,35.679814,139.6853,みみ
cafe,35.674142,139.671421,CHIANTI CAFE
cafe,35.673247,139.667157,エクセルシオール カフェ
cafe,35.736909,139.749529,ドトールコーヒーショップ
cafe,35.736738,139.749674,インターネット まんが喫茶 コムコム
cafe,35.736534,139.750138,シャルル
cafe,35.736975,139.74271,台風倶楽部
cafe,35.7376803,139.7489606,セシル66
cafe,35.6870073,139.6943145,Tahitian Noni Cafe
cafe,35.6690249,139.688898,ドトールコーヒーショップ
cafe,35.6784419,139.675698,珈琲 カンタータ
cafe,35.6380264,139.2710048,Yakata
cafe,35.6496331,139.7044251,PASHA
cafe,35.6491427,139.7043202,kyogo
cafe,35.6016582,139.6977558,ドトールコーヒーショップ
cafe,35.6953763,139.4135722,カフェ・ベローチェ
cafe,35.653751,139.344293,カフェテラス コスモス
cafe,35.6581288,139.5745288,ドトール
cafe,35.709881,139.682857,パーゴラ
cafe,35.6995349,139.7710184,Amenity Dream;Akiba Guild
cafe,35.7012303,139.771815,めいどりーみん
cafe,35.660433,139.6994276,ITALIAN TOMATO Cafe Jr
cafe,35.7175774,139.7652163,Cafe&Beer Amber
cafe,35.6995609,139.7704687,AKIHABARAバックステージpass
cafe,35.6254739,139.7236025,オスロコーヒー
cafe,35.6701953,139.411244,スターバックス
cafe,35.7009676,139.7702629,Cafe & Bar B-Cats
cafe,35.6993987,139.7716532,MOCO
cafe,35.6993452,139.7698686,Grand Pirates Cafe & Bar
cafe,35.6993233,139.7698663,めいどりーみん秋葉原ひみつきち
cafe,35.6993062,139.7698636,萌えコン＠カフェ
cafe,35.6586377,139.6996033,スターバックス
cafe,35.6477948,139.7455251,ペナント
cafe,35.690628,139.7039719,らんぶる
cafe,35.6668258,139.7294222,RESTIR
cafe,35.786494,139.2900163,ラパン・アジル
cafe,35.6247075,139.7312551,Tea House Mayoor
cafe,35.6990535,139.7650848,スターバックス
cafe,35.6986244,139.4461323,エクセルシオール カフェ
cafe,35.69812,139.4455811,タリーズコーヒー
cafe,35.698359,139.447196,ルノアール
cafe,35.673711,139.7610091,珈琲茶館 集
cafe,35.6735696,139.7609583,珈琲館 紅鹿舎
cafe,35.6509964,139.7603654,東京クルーズカフェ
cafe,35.7149671,139.7763228,グリーンサロン
cafe,35.714795,139.775109,HIBIKI
cafe,35.718493,139.774141,ホテルオークラ ガーデンテラス
cafe,35.681453,139.6856,Relache
cafe,35.5873891,139.7282301,ドトールコーヒーショップ
cafe,35.5850239,139.7307863,自転車
cafe,35.7018431,139.4123188,akari cafe
cafe,35.7017215,139.4123172,炭火焙煎珈琲 桜乃
cafe,35.6996476,139.4141225,PRONTO
cafe,35.699108,139.414417,珈琲はなや
cafe,35.6986544,139.4146659,エクセルシオール カフェ
cafe,35.699568,139.414806,Cafe VELOCE
cafe,35.7466865,139.8269151,COLORADO
cafe,35.7458465,139.8264817,和ーずわーず
cafe,35.69547,139.7532512,Pronto
cafe,35.6019378,139.6652953,えんがわ
cafe,35.6654694,139.7283787,中洞牧場ミルクカフェ
cafe,35.664068,139.731082,スターバックス
cafe,35.673704,139.761042,集
cafe,35.5629764,139.7170128,ドトールコーヒーショップ
cafe,35.562443,139.717751,カフェドキネマ
cafe,35.561803,139.718709,猫カフェらくん
cafe,35.5969351,139.7115479,楡
cafe,35.5861964,139.7281828,サンマルクカフェ
cafe,35.7481022,139.8036767,Birdland
cafe,35.7482763,139.8036446,boquerona
cafe,35.7481455,139.8036759,わかば堂
cafe,35.748257,139.8020019,Shanty
cafe,35.5487596,139.7446568,ANN
cafe,35.7231741,139.3021423,高倉町珈琲
cafe,35.5710691,139.6859723,コロラド
cafe,35.5856242,139.6824773,サンマルクカフェ
cafe,35.6968412,139.4140101,ドトールコーヒーショップ
cafe,35.6942,139.452706,カフェ クオーレ
cafe,35.7504676,139.664941,Caffe21
cafe,35.697662,139.449077,Net cafe プラド
cafe,35.697786,139.446398,白十字
cafe,35.648572,139.701457,メゾン ichi
cafe,35.651315,139.703799,Urth Caffe
cafe,35.659921,139.706066,カフェ・ベローチェ
cafe,35.742581,139.337602,HACHI CAFE
cafe,35.6986476,139.4151262,ルノアール
cafe,35.6123068,139.6276518,Segafredo
cafe,35.6032358,139.3470769,くるてく
cafe,35.6701324,139.7064586,スターバックス
cafe,35.6579066,139.2671795,cafe 海の塔
cafe,35.689599,139.695449,エクセルシオール カフェ
cafe,35.684007,139.70133,タリーズコーヒー
cafe,35.648077,139.700542,lab.LABAR
cafe,35.6461674,139.7079139,スターバックス
cafe,35.680978,139.711053,エクセルシオール
cafe,35.7058441,139.7221992,珈琲館
cafe,35.661494,139.729388,スターバックス
cafe,35.698236,139.506218,カフェド ペリーヌ
cafe,35.65054,139.69664,Green Cafe Saigoyama
cafe,35.648255,139.700408,Matsunosuke N.Y.
cafe,35.647786,139.7039034,tao
cafe,35.649209,139.69898,アロハ テーブル
cafe,35.7110116,139.6672699,Cafe shukring
cafe,35.6900264,139.6977083,COLORAD
cafe,35.6897445,139.6965821,Pronto
cafe,35.6921227,139.6977524,スターバックス
cafe,35.6899737,139.6974261,スターバックス
cafe,35.6895564,139.6966085,ドトールコーヒーショップ
cafe,35.6941004,139.6991259,ルノアール
cafe,35.694917,139.6982073,ルノアール
cafe,35.6941499,139.6942793,サンマルクカフェ
cafe,35.6938578,139.6952104,ドトールコーヒーショップ
cafe,35.6946132,139.6927108,BBB
cafe,35.6945467,139.6929624,タリーズコーヒー
cafe,35.662224,139.730647,椿屋珈琲店
cafe,35.662782,139.731919,喫茶室ルノアール 六本木ラピロス店
cafe,35.694334,139.682101,Live cafe 以心伝心
cafe,35.694076,139.416395,CROWN
cafe,35.685654,139.416844,Garden and Crafts Cafe
cafe,35.681804,139.440052,VARAMON
cafe,35.681181,139.445402,みる
cafe,35.682625,139.445472,Galerie Cafe M
cafe,35.666311,139.476287,トップ
cafe,35.666828,139.477017,ドトールコーヒーショップ
cafe,35.6638425,139.7417011,上島珈琲店
cafe,35.660151,139.380146,Net cafe コミックバスター
cafe,35.7425625,139.3279432,ドトールコーヒーショップ
cafe,35.741612,139.32674,Cafe du jardin
cafe,35.6586811,139.7052369,珈琲館
cafe,35.5791631,139.720171,すばる
cafe,35.5796801,139.7209145,EVER GREEN
cafe,35.6480461,139.7099859,サンマルクカフェ
cafe,35.6575559,139.1685115,和田峠茶屋
cafe,35.64248,139.28039,ダイコクヤ
cafe,35.6516968,139.3008231,GARAGE HALF
cafe,35.656164,139.308625,Cafe ENLARGE
cafe,35.66615,139.7282442,Down stairs coffe
cafe,35.679615,139.676989,Cafe de Espresso
cafe,35.705267,139.650267,Beck's Coffee Shop
cafe,35.671701,139.7647168,WAKO ANNEX
cafe,35.6576087,139.3425128,Brasserie BASEL
cafe,35.6712181,139.7646792,ドトールコーヒーショップ
cafe,35.6840391,139.7196139,しなのCafe
cafe,35.7423444,139.4334939,オランダ坂珈琲店
cafe,35.6039843,139.6657576,fete cafe
cafe,35.5969886,139.6674381,cafe gino
cafe,35.697545,139.765535,NEW YORKER'S Cafe
cafe,35.6965751,139.7649366,タリーズコーヒー
cafe,35.691648,139.73688,ドトールコーヒーショップ
cafe,35.608014,139.670253,カフェ・アンセーニュ・ダングル
cafe,35.5973694,139.667353,スターバックス
cafe,35.6700579,139.7173901,スターバックス
cafe,35.6804128,139.7991677,hane-cafe
cafe,35.681004,139.7995261,Jolly cafe+wan
cafe,35.6444306,139.6692001,Mamehico
cafe,35.6898816,139.6638202,ジェイズ珈琲
cafe,35.7843033,139.3025192,星乃珈琲店
cafe,35.6667887,139.7611792,宮越屋珈琲　東京本店
cafe,35.7059597,139.6543899,喫茶 松の家
cafe,35.6631986,139.6686956,やなか珈琲店
cafe,35.6417003,139.5197692,NiNiGi CAFE
cafe,35.607798,139.6474139,fam
cafe,35.6611578,139.668751,bio ojiyan cafe
cafe,35.6784797,139.6351073,Beans
cafe,35.678434,139.6350858,Atelier Rocky
cafe,35.6809569,139.6290187,Berry's Tea Room
cafe,35.6431196,139.6110208,Toy
cafe,35.7053487,139.6358326,MIKADO-YA 珈琲店
cafe,35.7047825,139.6361686,スターバックス
cafe,35.696155,139.7584856,ドトールコーヒーショップ
cafe,35.6600641,139.6680639,Sauthern Hills Cafe
cafe,35.695295,139.76013,ドトールコーヒーショップ
cafe,35.6952612,139.7599198,PaperBackCafe
cafe,35.695434,139.759524,サンマルクカフェ
cafe,35.625653,139.723504,集
cafe,35.6253,139.723925,Pronto
cafe,35.625955,139.724932,コージー
cafe,35.7819153,139.1502154,長尾茶屋
cafe,35.6552879,139.56743,手紙舎 2nd story
cafe,35.684388,139.6587488,ウエストウッド
cafe,35.7012286,139.5832497,Ichijiku
cafe,35.7088125,139.8110569,cafe tokyo
cafe,35.7091558,139.8083854,sakura cafe
cafe,35.70904,139.8109038,Oshiage cafe
cafe,35.7053231,139.8163788,柳島カフェ
cafe,35.7014231,139.8162036,すみだ珈琲
cafe,35.6638483,139.7153076,INTERSECT BY LEXUS - TOKYO
cafe,35.7082331,139.6653684,ルノアール
cafe,35.6248383,139.7756512,タリーズコーヒー
cafe,35.6601214,139.5853316,ララパスタ
cafe,35.7065246,139.6856853,ジャックと豆の木
cafe,35.6620461,139.6660081,Arco
cafe,35.779468,139.724163,Bear's cafe someday
cafe,35.77966,139.723706,喫茶ユートピア
cafe,35.7777194,139.7303195,パステル
cafe,35.7794456,139.7235976,ドトールコーヒーショップ
cafe,35.775268,139.724827,喫茶ポチ
cafe,35.7781242,139.7215143,梅の木新館
cafe,35.7009436,139.4811131,北口カフェ
cafe,35.6148806,139.4084093,Cafe de Soeur
cafe,35.6109903,139.3819847,しょこら亭
cafe,35.6955724,139.7709152,ヴェルデ ナチュール