35.6011445,139.6920211,妙福寺
35.6215201,139.4285536,青木山東福寺
35.6657457,139.7354859,妙像寺
35.6722482,139.6441076,永福寺
35.6863829,139.6208533,松林寺
35.6643884,139.6517175,伏見山 正法寺
35.6639113,139.6518863,勝林寺
35.6632582,139.6518698,浄徳寺
35.6637858,139.6521181,延重寺
35.7159485,139.617619,妙正寺
35.6793544,139.6357336,法華宗 理性寺
35.6562648,139.6136035,青林山 東覚院
35.6495653,139.610513,観音院
35.7181766,139.7588188,願行寺
35.7172124,139.7590029,西教寺
35.6276603,139.5991349,天台宗 知行院
35.720175,139.8261248,正覚寺
35.6835944,139.663754,寳福寺
35.6505183,139.6362377,福昌寺
35.5789017,139.7051955,池上本門寺
35.6940103,139.6538479,宗延寺
35.6949208,139.6523459,本仏寺
35.6947565,139.6513585,修行寺
35.695141,139.6518978,日蓮宗 妙祝寺
35.6508153,139.6450875,乗泉寺 世田谷別院
35.7559487,139.7096385,文殊院
35.6704431,139.6859318,應慶寺
35.6236207,139.6016303,観音寺
35.6499672,139.7087366,清流寺
35.6740277,139.6119292,医王寺
35.6576972,139.6849266,聖徳寺
35.6352788,139.7374543,正覚寺
35.6634218,139.5705916,延浄寺
35.664072,139.5849535,昌翁寺
35.6917064,139.6019609,久我寺
35.718242,139.6690453,浄土真宗 了然寺
35.6541761,139.6516857,東京門跡別院 満足院
35.7021478,139.735085,圓福寺
35.7018353,139.7362866,法正寺
35.6545022,139.7461635,妙定院
35.7373698,139.5024119,當麻山 泉蔵院
35.7039724,139.6122215,願泉寺
35.6586271,139.6438024,三界寺
35.7275805,139.82678,寶蔵寺
35.6561752,139.561738,光照寺
35.7399006,139.8337185,慈眼院
35.69536,139.879158,寿命院園福寺
35.703775,139.7579874,興安寺
35.6956549,139.65491,蓮光寺
35.6475246,139.7411317,大松寺
35.6467098,139.7405773,宝生院
35.6470135,139.7406229,長延寺
35.6472336,139.740909,西藏院
35.6943549,139.5599009,禅林寺
35.6622183,139.4108786,高幡不動尊
35.619905,139.7257686,観音寺 (Kannonji)
35.6577801,139.6387183,即法寺
35.6909356,139.7780664,大安楽寺
35.5203933,139.4644504,常楽寺
35.6038205,139.6462502,稚児大師堂
35.655422,139.6609171,円乗院
35.6888946,139.4800381,正覚寺
35.6982114,139.4533756,大宣寺
35.7087968,139.6484116,正光寺
35.6963683,139.6376204,海雲寺
35.697112,139.6370235,天桂寺
35.6535643,139.6339258,光輪成院
35.7022239,139.5828856,正福寺
35.6807714,139.613446,吉祥院
35.6524973,139.7361114,福泉寺
35.6483019,139.7329625,延命院
35.6489688,139.7325977,若松寺
35.6474298,139.7274751,光林禅寺
35.656536,139.74633,宝珠院
35.7033097,139.6261526,立教寺
35.7045225,139.6351854,西蓮寺
35.6965344,139.6194957,中道寺
35.6364335,139.6769539,世田谷山 観音寺
35.7052583,139.7922683,榧寺
35.6582218,139.5847916,西照寺
35.701703,139.3737022,福厳寺
35.6479578,139.6524011,青龍山 勝国寺
35.6491834,139.653075,念空寺
35.6894523,139.6637322,立正佼成会 新宿教会 渋谷教会
35.7103468,139.7856142,光明寺
35.7121532,139.7849992,真照寺
35.7097902,139.7853264,誓教寺
35.7122556,139.7847954,真宗 浄正寺
35.7144661,139.7847203,浄土宗 源空寺
35.7154003,139.7864315,曹洞宗 曹源寺
35.7117233,139.7895232,東本願寺
35.7062528,139.7224667,宗清寺
35.7048959,139.7193553,亀鶴山 易行院 誓閑寺
35.6525408,139.7397904,浄土宗 龍原寺
35.6526017,139.7390717,綱生山 当光寺
35.652885,139.7374196,常祐山 圓徳寺
35.6594538,139.7456915,臨済宗 金地禅院
35.6542036,139.6172197,寳性寺
35.7182061,139.5912218,善福寺
35.7276979,139.580369,最勝寺
35.7059207,139.7253344,宗源寺
35.705753,139.7234006,龍善寺
35.6916564,139.6657315,立正佼成会 中野教会 杉並教会
35.7122339,139.6796194,境妙寺
35.71195,139.6788349,宝泉寺
35.7124759,139.6787211,萬昌院功運寺
35.7122268,139.6800864,願正寺
35.7559201,139.5689892,大乗院
35.7258042,139.5847826,信願山 法融寺
35.5423954,139.4787238,東雲寺
35.6442231,139.6876326,新清山 壽福寺
35.6756841,139.5983166,妙高寺
35.6749657,139.5907152,光母寺
35.6482852,139.4876236,医王寺
35.6500158,139.4908223,日蓮宗 大丸教会
35.6809727,139.5196393,西木山 永福寺
35.6660971,139.5155342,観音院
35.651667,139.752737,芝不動尊
35.7173545,139.8029781,待乳山聖天
35.7812592,139.6475666,松月院
35.676116,139.5114475,田島山 誓願寺
35.659225,139.6370283,光林山 持明院 西福寺
35.6257813,139.4882834,高勝寺
35.7295291,139.7638337,延命地蔵尊
35.6705099,139.4560399,善照寺
35.7145617,139.4211469,光隆寺別院
35.6943516,139.4257894,立川山 正楽院
35.6777795,139.397392,大昌寺
35.668195,139.424381,石田寺
35.691951,139.6316673,寶昌寺
35.7022306,139.582013,阿羅耶識院
35.6380915,139.4647755,成満寺
35.6944236,139.5525866,三鷹不動尊井口院
35.7033008,139.8507266,大法寺
35.703675,139.8504963,成就寺
35.5803274,139.4898769,光明会館
35.5804827,139.4902771,高蔵寺
35.5745438,139.494171,三輪山 廣慶寺
35.6269187,139.5740061,熊野山 玉泉寺
35.6480013,139.55825,立正佼成会 調布教会
35.8044709,139.2805979,塩船観音寺
35.6723173,139.7152713,高徳寺
35.5856466,139.4875831,能谷山 妙行寺
35.6587869,139.7227583,智明寺 繁成寺
35.78173,139.2267227,稲荷神社
35.792007,139.254722,秋葉神社
35.6500851,139.5833204,大悲山 明照院
35.6565978,139.5740657,常楽院
35.6570021,139.751207,天陽院
35.6566461,139.7508401,常行寺
35.6568426,139.7524842,浄運院
35.6625724,139.1890873,福源寺
35.7019354,139.5986362,西教寺
35.6219577,139.6524613,醫王寺
35.6638956,139.5713682,平原山 壽林寺
35.6638279,139.5710136,光源寺
35.6698494,139.5734394,大原山 春清寺
35.6453919,139.7395037,慈眼禅寺
35.6454901,139.7400382,願海寺
35.6371264,139.7318077,樹谷山 正満寺
35.6771051,139.5566091,延慶寺
35.5848453,139.4808423,蓮清寺
35.6443034,139.739385,常林寺
35.6448166,139.7398252,明福寺
35.6437447,139.7382395,南臺寺
35.6439117,139.7384282,王鳳寺
35.6431021,139.737168,寶徳寺
35.6427375,139.737035,徳玄寺
35.6426516,139.7374235,魚藍寺
35.6334368,139.732877,光福寺
35.6366608,139.7346907,長祐山 承教寺
35.6332634,139.7335745,圓福寺
35.6349613,139.7339257,高野山東京別院
35.6391809,139.7364153,保安寺
35.6805232,139.5383956,応神山 長久寺
35.6340335,139.5661177,佛壽寺
35.7694801,138.984081,妙法寺仏舎利塔
35.6797704,139.8000135,法性寺
35.6786004,139.8009227,円珠院
35.6800862,139.8014873,潮江院
35.6758643,139.7965702,法乗院 深川 ゑんま堂
35.6752189,139.7966849,陽岳寺
35.6760653,139.7969352,心行寺
35.6516654,139.6440649,常徳院
35.6516987,139.6229237,船橋 観音堂
35.6638042,139.6675721,真龍寺
35.6616664,139.5229593,飛田給 薬師堂
35.6447816,139.6677898,最勝寺
35.6396089,139.6778634,西澄寺
35.7243298,139.3967234,流泉寺
35.6789494,139.5063501,本妙山 大長寺
35.6811436,139.4982346,浅間山 慈恵院
35.7001884,139.602664,廣徳寺
35.6985856,139.5586345,法專寺
35.7067972,139.6365737,世尊院正覚寺
35.6101061,139.6497681,満願寺
35.683152,139.8406552,上妙寺
35.6895961,139.8266777,羅漢寺
35.717692,139.628011,生楽寺
35.7176158,139.6214812,等正寺
35.7629906,139.7264632,真光寺
35.7220264,139.7310677,西信寺
35.722402,139.7308183,善心寺
35.7222547,139.7368733,智香寺
35.7212816,139.7514467,光心寺
35.7353724,139.6676942,華王寺
35.6198965,139.7056414,朗惺寺
35.650088,139.7193267,東江寺
35.6505021,139.7201609,上宮寺
35.6480011,139.7236014,天現寺
35.6506139,139.7146606,東北寺
35.649516,139.7118513,天桂禅庵
35.6508338,139.7116716,室泉寺
35.6498364,139.711001,福昌寺本堂
35.6497394,139.7136256,法雲寺
35.5697428,139.6822087,長福寺
35.5694242,139.6842727,蓮光院
35.573614,139.6843099,光明寺
35.5605297,139.7229086,妙安寺
35.5481445,139.7064601,智山派宝幢院
35.7629187,139.8225501,觀音寺
35.7430745,139.7448966,西光院無量寺
35.5957132,139.3772246,蒼龍山長泉寺
35.7013571,139.7703476,神田寺
35.5631749,139.7007511,遍照院
35.5579851,139.7061555,大楽寺
35.5598409,139.7069937,金剛院
35.7655603,139.7249851,西音寺
35.7103353,139.7859527,正福院
35.672484,139.7327414,圓通寺
35.6933386,139.7920396,回向院 (Ekoin)
35.6372576,139.7269955,瑞聖寺
35.6857881,139.7331755,心法寺
35.6889428,139.6724665,正蔵院
35.6948691,139.6747301,西光山福寿院
35.6841479,139.6915911,正春寺
35.6841926,139.6918418,諦聴寺
35.6714318,139.6856255,椿森神社
35.6592827,139.379207,立正佼成会
35.7240489,139.6127612,湖明寺
35.6575481,139.7519222,常照院
35.6627528,139.322937,善能寺
35.6622886,139.322819,善龍寺
35.6928335,139.6895897,浄風寺
35.5958278,139.7307708,来迎院
35.6475992,139.6189493,高輪山 浄立寺
35.577972,139.7164991,光教寺
35.6412944,139.7004073,正覚寺
35.6147846,139.6313666,法徳寺
35.6689895,139.6419276,本応寺
35.5549275,139.7295988,十王堂
35.5489777,139.7269796,朗長山 本住寺
35.5496564,139.7267261,秀明寺
35.5505382,139.7258055,報身寺
35.5506092,139.7252878,延徳寺
35.5510445,139.7259007,善永寺
35.5506877,139.724172,正覚寺
35.5506015,139.7247098,麻谷山 福称寺
35.5515217,139.7239727,真光寺
35.551418,139.7248216,妙覚寺
35.6204791,139.626177,慈眼寺
35.6187304,139.6272082,玉川大師
35.790919,139.7816403,無量山源正寺
35.777909,139.7514542,長樂寺
35.7815815,139.7537523,宝蔵寺
35.6700979,139.723034,玉窓寺
35.8042574,139.7704047,金龍山三 寳院圓通寺
35.8026922,139.7672325,南光寺
35.802843,139.7707667,三蔵院
35.8018545,139.7717427,妙蓮寺
35.7607133,139.7766219,瑞応寺
35.7626568,139.7780976,吉祥院
35.7071791,139.6036351,佛乗寺
35.7591216,139.7598301,珠明院
35.7613373,139.7566865,地蔵院
35.7430966,139.815292,西光院
35.7495119,139.8010312,勝専寺
35.7844114,139.8039251,光現寺
35.7829742,139.7862388,無量山徳寿院
35.7977883,139.7885809,東岳寺
35.6626229,139.3889642,善正寺
35.6574234,139.7277011,正光院
35.7905951,139.6568555,妙國寺
35.7648224,139.8512997,光明寺
35.7648568,139.850223,恵明寺
35.742105,139.8504517,貞巖寺
35.7417664,139.8502827,證願寺
35.7421573,139.8507226,源寿院
35.7423314,139.8500199,法善寺
35.7413724,139.8500601,徳念寺
35.5908288,139.7100865,八幡神社
35.5910349,139.7096574,長遠寺
35.5901189,139.7135427,萬福寺
35.6103413,139.6370696,自性山覚願寺
35.6496754,139.6703876,円泉寺
35.5477945,139.7345761,海岸寺
35.7553966,139.6080292,敬覚寺
35.7554791,139.6085908,宝林寺
35.6342717,139.415255,芳心院
35.7216339,139.6823536,自性院
35.7182629,139.6765198,光徳院
35.7175237,139.6762649,東光寺
34.7532933,139.3554618,潮音寺
34.7533792,139.3593913,海中寺
35.762016,139.300605,一峰院
35.6274301,139.5873001,圓住院
35.6295186,139.5877094,明靜院
35.7111643,139.4848574,大仙寺
35.7870078,139.2203273,天澤院
35.677112,139.395715,宝泉寺会館
35.6710455,139.6101626,長泉寺
35.6779778,139.5070648,神護山 常久寺
35.675177,139.5132563,徳寿院
35.791242,139.255802,梅岩寺
35.7057391,139.347104,拝島大師
35.618065,139.34115,光賓院
35.589851,139.695847,雪谷山長慶寺
35.6817921,139.7976893,臨川寺
35.6814462,139.7981098,常照院
35.5990661,139.7096442,宗福寺
35.7723968,139.8745881,金蓮院
35.6411459,139.7405842,成覚寺
35.6057463,139.6678503,妙光寺
35.7417076,139.6493141,田島山十一ヶ寺
35.7490103,139.8254274,明王山宝性寺
35.6579394,139.7458603,如意輪観世音
35.68381,139.350533,龍光寺
35.5947574,139.6582703,常光山照善寺
35.7461505,139.8033409,妙乗寺
35.5838269,139.6731518,有慶山東光院
35.695616,139.450747,慶善寺
35.6532311,139.7018469,乗泉寺
35.657538,139.271343,森越山閑窓寺
35.703729,139.6528185,高円寺
35.6796231,139.3995028,普門寺
35.678257,139.394271,宝泉禅寺
35.5858886,139.6951449,長照山樹林寺
35.5855594,139.7090278,興正山善照寺
35.7803255,139.6581515,安樂寺
35.7763266,139.7173132,亀が池弁財天
35.6036879,139.6468891,等々力不動尊
35.6656,139.6430984,天正山 妙楽寺
35.6017386,139.6424156,影光山善養寺
35.7125265,139.6397648,阿佐ヶ谷庚申堂
34.728617,139.3543554,慈眼寺
35.6304026,139.7084332,蟠竜寺
35.6966168,139.7126194,法善寺
35.7212114,139.7828308,英信寺
35.6189618,139.7423042,養願寺
35.6193279,139.7430536,一心寺
35.7178498,139.8090139,長命寺
35.7637412,139.5385348,浄牧院
35.6557297,139.3301645,本立寺
35.6588326,139.330743,伝法院
35.6599354,139.3101015,宗格院
35.6608164,139.3034709,吉祥院
35.6753542,139.8001292,冬木弁天堂
35.6800235,139.8035682,龍光院
35.5688959,139.7019862,曹禅寺
35.572914,139.6989752,微妙庵
35.6117866,139.7003629,摩耶寺
35.6055103,139.7267392,東光寺
35.7107999,139.7511065,源覚寺
35.7106358,139.5824251,大法寺
35.7034983,139.8225033,普門院
35.6228114,139.603665,常光寺
35.708588,139.6765019,曹洞宗 天徳院
35.7085492,139.6769537,曹洞宗 保善寺
35.708559,139.677313,曹洞宗 宗清禅寺
35.708558,139.677812,臨済宗 松源寺
35.6183677,139.3949688,蓮生寺
35.6514007,139.5514034,常性寺
35.6592891,139.5556918,祇園寺
35.6308129,139.515754,威光寺
35.6470024,139.4384513,宝泉院 開眼寺
35.695533,139.6478176,片岡山 智光院
35.6583335,139.5301663,長谷山 西光寺
35.5855623,139.6809508,本覚寺
35.5491349,139.4715274,観性寺
35.7550763,139.687416,長命寺
35.7393401,139.7357392,功徳院東京別院
35.6689878,139.7178525,梅窓院
35.616065,139.6295428,行善寺
35.6956818,139.6531705,真盛寺
35.6965869,139.6479733,大法寺
35.5804515,139.7366061,美原不動院
35.6699697,139.7149593,立泉寺
35.6707598,139.7164347,実相寺
35.6700996,139.7152288,海蔵寺
35.541237,139.7051796,専修寺 関東別院
35.5496346,139.7050886,古川薬師 安養寺
35.6530196,139.4447588,創価学会桜ケ丘文化会館
35.7319767,139.542931,遍立寺
35.699126,139.5744078,大盛寺
35.6677983,139.2466829,浄福寺観音堂
35.7395473,139.3036918,大行寺
35.7303629,139.8788224,新義豊山派圓藏院
35.5483844,139.734436,亀松山久寶寺
35.7147094,139.6565879,北向地蔵
35.7707943,139.7016462,南蔵院
35.7695372,139.6969711,長徳寺
35.6476505,139.7137962,台雲寺
35.5850142,139.7233517,根岸地蔵
35.6167634,139.7027127,金山地蔵尊
35.6705025,139.7158885,持法寺
35.751187,139.318622,宗禅寺
35.6809216,139.7793097,智泉院
35.6668749,139.7272485,教運寺
35.68258,139.427272,一妙寺
35.7263693,139.3890088,大宝寺
35.7410149,139.8954414,光ヶ嶽観音堂
35.7368643,139.8954671,寶林寺
35.5841933,139.7332305,密厳院
35.7392178,139.8843967,顕正寺
35.5841316,139.7219927,善慶寺
35.7800035,139.2287757,徳晶寺
35.7829585,139.2216365,竹林寺
35.7375471,139.6048523,照光山無量寺 禅定院
35.753269,139.6397255,愛染院
35.7931635,139.2672565,北向地蔵
35.6170779,139.3595557,永泉寺
35.5580774,139.7338677,法性庵
35.7104935,139.7591591,法真寺
35.6790942,139.8001217,本立院
35.6793273,139.7997677,玉泉院
35.6813653,139.7976132,本誓寺
35.6595075,139.3162808,興岳寺
35.6650128,139.3312913,極楽寺
35.6613845,139.3313514,神龍山 禅東院
35.6621736,139.3375961,大義寺
35.6631962,139.3353266,妙薬寺
35.6621165,139.3070458,龍泉寺
35.7016916,139.1572758,臼杵山天光寺
35.7607462,139.7359047,開運延命地蔵尊
34.218276,139.1437309,那智堂
34.2267154,139.1701332,観音堂
34.2283167,139.1568876,つづき堂
35.5747772,139.4998679,妙福寺
34.0606742,139.5451682,海蔵寺
35.6958471,139.6471175,華徳院
35.5992615,139.4112809,大泉寺
35.6016269,139.4223627,柳沢山泉蔵寺
35.5957942,139.4376976,白道寺
35.5973097,139.43374,万松寺
35.5782627,139.4465581,野津田薬師堂
35.6277504,139.5095007,日本山妙法寺
35.7136292,139.3201414,圓通寺
35.6080142,139.3016127,圓林寺
35.6234452,139.301494,大恩寺
35.6135677,139.2888663,大戸観音堂
35.7278655,139.8935214,善養寺
35.6951561,139.3037956,明観寺
35.7005244,139.7358497,南蔵院
35.704508,139.7370256,清隆寺
35.705309,139.73765,真清浄寺
35.701677,139.735558,正定院寶國寺
35.701917,139.734774,長源寺
35.700505,139.738053,光照寺
35.702514,139.738195,安養寺
35.701045,139.73547,常念寺
35.700304,139.72684,宗圓寺
35.6646839,139.4994027,東郷寺
35.6685381,139.4761163,高安寺
35.5968355,139.4006193,養樹院
35.6013722,139.4016934,野中山正山寺
35.6687933,139.64438,真教寺
35.6685853,139.6432893,善照寺
35.6685884,139.6428717,法照寺
35.6686027,139.6426956,栖岸院
35.7214293,139.7670572,延寿寺日荷堂
35.6861184,139.5840768,真福寺
35.567695,139.7302862,大雄山地蔵尊
35.6558999,139.7287459,長玄寺
35.6729865,139.7982527,深川不動尊
35.6720166,139.7980954,永代寺
35.7703696,139.7175406,鳳生寺
35.649299,139.4062396,法照院
35.755732,139.312058,禅林寺
35.6061268,139.3069445,地蔵山行昌寺
35.7069649,139.7334162,田中寺
35.7114429,139.758988,喜福寿寺
35.7006477,139.3231976,乗泉寺八王子別院
35.690796,139.7776923,見延別院
35.6590485,139.3408774,福傳寺
35.6654616,139.3281154,福全院
35.6984296,139.7010598,曹洞宗 玉寶山 長光寺
35.6778907,139.8808374,蓮華寺
35.676263,139.8738097,妙光寺
35.6682414,139.8819584,清光寺
35.6683418,139.8803428,東善寺
35.6783595,139.8833631,西光寺
35.6790495,139.883969,真福寺
35.7211849,139.7673497,妙行寺
35.6436142,139.7369258,大信寺
35.7188475,139.8693834,豊山派光照寺
35.5756879,139.6831088,増明院
35.6657453,139.7493304,真福寺
35.6284483,139.722403,薬師寺東京別院
35.6586812,139.7281279,日蓮宗 妙経寺
35.7072785,139.827756,明源寺
35.5777811,139.4259273,簗田寺
35.756216,139.8685988,乗願寺
35.7560901,139.8674558,理昌院
35.7557711,139.8668537,聞明寺
35.761704,139.7192837,善光寺
35.7122696,139.7712701,琵琶絵馬掛
35.7122785,139.7712984,絵馬掛
35.6334446,139.5883115,慶岸寺
35.70396,139.8011154,源光寺
35.6772716,139.7116159,聖輪寺
35.6366573,139.7330416,黄梅院
35.7290608,139.8726105,大黒山常福寺
35.6185246,139.3953444,別所薬師堂
35.6805683,139.4323495,南養寺
35.5640373,139.7192913,青巒寺
35.7305953,139.537662,観音寺
35.6568071,139.5331154,金剛山源正禅寺
35.724214,139.7668493,全生庵
35.7244883,139.7665299,福相寺
35.7242064,139.7662699,長久寺
35.7247701,139.7663827,立善寺 (しょうぶ寺)
35.7241008,139.7674319,明王院
35.7247591,139.767351,安立寺
35.7460334,139.7497417,顕法寺
35.7268488,139.7671279,長明寺
35.7266974,139.7677779,龍泉寺
35.7262216,139.7675277,霊梅禅院
35.7254622,139.767738,加納院
35.7255741,139.7680796,観音寺
35.7256106,139.7690955,了俒寺
35.7244477,139.7681036,興禪寺
35.7239499,139.7682246,観智院
35.7242517,139.7684523,養泉寺
35.7246889,139.7684187,常在寺
35.725525,139.7674382,本立寺
35.7294483,139.7664826,法光寺
35.7290683,139.7662515,南泉寺
35.730324,139.7675999,浄光寺
35.7294957,139.7682802,養福寺
35.7288072,139.7682496,啓運寺
35.7260849,139.7681647,海蔵院
35.7201038,139.7663443,臨江寺
35.7196741,139.7662417,瑞松院
35.7194692,139.7662971,本寿寺
35.7199778,139.766985,玉林寺
35.7208586,139.7669642,宗善寺
35.7209935,139.7678941,妙福寺
35.7206692,139.7676288,長運寺
35.7187753,139.7670267,天眼寺
35.7213549,139.7686318,金嶺寺
35.7213271,139.7695781,大行寺
35.7213782,139.7701152,大雄寺
35.7231553,139.767811,瑞輪寺
35.725195,139.7684441,長安寺
35.7250918,139.7681763,養傳寺
35.7328568,139.7596653,佛立寺
35.7486092,139.7406353,妙見寺
35.6997484,139.7283748,常敬寺
35.7273092,139.7542461,洞泉寺
35.7261698,139.7528882,南谷寺
35.7264249,139.7527871,養昌寺
35.7265257,139.7549342,徳源院
35.7260668,139.7549155,常徳寺
35.7262053,139.756144,養源寺
35.7297668,139.7507201,天然寺
35.7293221,139.7509002,長源寺
35.7289208,139.7508905,圓通寺
35.7291316,139.751304,教元寺
35.7300295,139.7500111,江岸寺
35.7287014,139.7514649,大運寺
35.7257395,139.7530242,定泉寺
35.7249798,139.7523959,龍光寺
35.724526,139.7532155,天榮寺
35.7236927,139.7529757,徳性寺
35.7232948,139.7533702,潮泉寺
35.7275282,139.7665061,本授寺
35.7498614,139.7640167,碩運寺
35.7541012,139.756345,延命寺
35.7550705,139.7501759,福性寺
35.7523902,139.7666977,華蔵院
35.7389468,139.7762306,真昌寺
35.7384714,139.7728849,浄善寺
35.7386413,139.7706206,金相寺
35.7223857,139.7749948,津梁院
35.7414861,139.732701,総禅寺
35.741806,139.7329602,白泉寺
35.7228253,139.7748795,養寿院
35.7506663,139.7465557,法音寺
35.7370012,139.7292002,法淨寺
35.738798,139.7393614,泰宗寺
35.739526,139.7382561,専修院
35.7400246,139.7384305,蓮華寺
35.7405648,139.7381365,勝林寺
35.7397042,139.7359332,慈眼寺
35.7395856,139.7351221,本妙寺
35.7392683,139.7347371,宗務院
35.5918492,139.7278945,圓能寺
35.7430002,139.7296622,正法院
35.7428131,139.7299358,西方寺
35.7426563,139.7304911,盛雲寺
35.7432279,139.7311211,妙行寺
35.7429702,139.731484,智泉院
35.7434921,139.7312143,善養寺
35.7439525,139.7308898,良感寺
35.7437616,139.7310719,清巌寺
35.7410904,139.725693,東光庵
35.7400489,139.7326201,安楽寺
35.7396833,139.7404542,実妙山法成寺 本堂
35.7387634,139.7422799,西福寺
35.7292256,139.7349612,東福寺
35.7090553,139.7690197,福成寺
35.7092351,139.7688754,教證寺
35.7137273,139.7659209,東淵寺
35.7135695,139.7663519,覚性寺
35.7133928,139.7665952,宗賢寺
35.7137796,139.7665038,大正寺
35.7140952,139.7659376,正慶寺
35.7144561,139.7660722,妙顕寺
35.7156678,139.7660722,忠綱寺
35.7162177,139.765816,休昌院
35.7239837,139.7549493,栄松院
35.7238242,139.7545892,瑞泰寺
35.7231846,139.7551672,常瑞寺
35.722766,139.7552113,十方寺
35.7224746,139.7553748,専西寺
35.7227672,139.7559074,顕本寺
35.7218067,139.7560365,大林寺
35.7216076,139.7556047,長元寺
35.7211974,139.756291,浄心寺
35.7218516,139.7566283,眞浄寺
35.722526,139.7567957,海蔵寺
35.7198591,139.7569402,浩妙寺
35.7195631,139.7565425,西善寺
35.719819,139.755994,正行寺
35.7216922,139.7538363,大圓寺
35.7225552,139.753466,一音寺
35.7224553,139.7520769,妙清寺
35.7225256,139.7516895,最乗寺東京別院
35.7231357,139.7514758,蓮久寺
35.7488996,139.7099773,宗仙寺
35.7413616,139.7161765,西念寺
35.7257595,139.7714751,安立院
35.7397666,139.7099518,重林寺
35.7244071,139.7596026,世尊院
35.7368356,139.779012,観音寺
35.7355732,139.7797706,浄正寺
35.7358632,139.7798527,法界寺
35.7443088,139.7750144,満光寺
35.7450926,139.7731493,阿遮院
35.744751,139.7770072,慈眼寺
35.6286835,139.6346159,真福寺
35.7225339,139.7670393,頤神院
35.7218002,139.767269,蓮華寺
35.722255,139.7665978,領玄寺
35.7605671,139.8274521,養福寺
35.7577141,139.8213351,薬師寺
35.7526484,139.8321747,九品寺
35.7661891,139.7869175,常唱庵
35.7688911,139.7792806,善應寺
35.7666225,139.7831028,宝寿院
35.7623428,139.8028713,真福寺
35.7640973,139.7937524,明王院
35.7674186,139.7889567,大聖寺
35.7679439,139.7928705,遍照院
35.7625133,139.7996278,善立寺
35.7893495,139.7930209,常楽寺
35.789251,139.7938526,萬福寺
35.7961091,139.799199,寶積院
35.8014078,139.8005465,大乗院
35.8075184,139.7644898,源証寺
35.806897,139.764587,法随院
35.7942566,139.7821809,福寿院
35.7950019,139.7823604,実相院
35.8015863,139.784108,天龍寺
35.7997253,139.7832967,薬師寺
35.804478,139.7743702,全学寺
35.8042184,139.7751333,浄光寺
35.8093145,139.7735842,西門寺
35.769803,139.7721559,阿弥陀堂
35.7495341,139.8107668,柳原寺
35.7328032,139.8165708,正福寺
35.7514979,139.7337059,正受院
35.7587319,139.74515,西福寺
35.7669149,139.7429994,清光寺
35.7737253,139.7567889,不動院
35.7519978,139.7299245,金剛寺
35.7529976,139.7308497,願徳寺
35.7506812,139.7136343,観明寺
35.7535596,139.6960144,専称院
35.655845,139.3294176,法蓮寺
35.6033999,139.7170808,丸山寺
35.724081,139.7801113,円光寺
35.7232522,139.7812965,永称寺
35.7229699,139.7815634,千手院
35.7239948,139.7814431,西蔵院
35.7233913,139.7823338,世尊寺
35.7243393,139.7843599,安楽寺
35.7224975,139.7839867,嶺照院
35.7227039,139.7841871,随徳寺
35.7209739,139.7833582,正洞院
35.7217066,139.7830237,泰寿院
35.7210226,139.784346,感應寺
35.7327599,139.7696263,正覚寺
35.7299079,139.7794499,蓮念寺
35.7289166,139.7901944,薬王寺
35.7289505,139.7921196,梅林寺
35.73338,139.7016984,祥雲寺
35.733761,139.7023732,洞雲寺
35.7338469,139.7013867,功雲院
35.7169247,139.7905061,本然寺
35.7140234,139.7846617,長泉寺
35.7140206,139.7842545,妙清寺
35.7143573,139.7840093,浄林寺
35.7140372,139.7839618,真覚寺
35.7141712,139.7837528,法善寺
35.7137238,139.7843899,聞成寺
35.7135998,139.7843905,西光寺
35.7135628,139.7845849,西岸寺
35.7137339,139.7847229,源隆寺
35.7136466,139.7849887,正行寺
35.7134744,139.7850275,龍淵寺
35.7134366,139.7842232,光照寺
35.7518679,139.7490685,愛宕地蔵尊
35.7132424,139.7865172,本覚寺
35.7117076,139.7867698,皆應寺
35.7115695,139.786265,祝言寺
35.7117894,139.7856796,光桂寺
35.7245112,139.8044446,永伝寺
35.7248703,139.8045361,出山寺
35.7239492,139.8039681,通入寺
35.7231583,139.8042783,本性寺
35.7232823,139.8037101,念仏院
35.7233276,139.8032379,宝蔵院
35.723327,139.8025292,仰願寺
35.7231719,139.8027318,浄雲寺
35.7238398,139.8020842,光照院
35.7209021,139.8072287,安昌寺
35.7121054,139.7711402,不忍池弁天堂
35.797147,139.7953957,延命寺
35.7515682,139.5885461,妙延寺
35.7388333,139.8515155,西円寺
35.7423485,139.8560549,宝泉寺
35.7394522,139.8508547,一樹寺
35.7403637,139.8482316,積善寺
35.6575739,139.3323035,妙経寺
35.6553951,139.3340625,長心寺
35.7184811,139.8037112,本龍寺
35.7181075,139.8033595,慶養禅寺
35.718382,139.8031056,潮江院
35.726106,139.813755,法泉寺
35.6390709,139.6501303,常在寺
35.7687566,139.8384459,円性寺
35.7672292,139.8404254,寳藏寺
35.5677082,139.4235162,傳重寺
35.7217896,139.8029011,瑞泉寺
35.7223566,139.805133,長昌寺
35.7217289,139.8050979,勝運寺
35.721008,139.8057826,廣樂寺
35.7218439,139.806732,蓮窓寺
35.723117,139.8062312,保元寺
35.7241189,139.8066154,福壽院
35.6957454,139.3210848,龍源寺
35.697738,139.3189488,法忍寺
35.6955707,139.3150757,長江寺
35.7039628,139.3159266,最教寺
35.7034437,139.3174898,大乗寺
35.6958632,139.3286487,金蔵寺
35.6946953,139.3250031,慶林寺
35.7206058,139.8055235,称福寺
35.7234587,139.8008589,道林寺
35.7237468,139.8007313,春慶院
35.7238823,139.8011251,廣徳寺
35.7242048,139.8001649,東禪寺
35.7792892,139.8420326,福壽院
35.803947,139.8146932,正覚院
35.7759961,139.7190945,静膳寺
35.7214651,139.780826,法住山 要傳寺
35.7190763,139.7818143,法清寺
35.7193574,139.7819462,最上寺
35.719404,139.7821774,長松寺
35.7192109,139.7813737,坂本教会
35.719879,139.7827173,真源寺 入谷鬼子母神
35.7198893,139.7831443,静蓮寺
35.7155531,139.7850874,燈明寺
35.7158079,139.7859214,長円寺
35.7154265,139.7858667,長徳院
35.7155065,139.7879615,海禅寺
35.7166207,139.7916877,萬隆寺
35.7148614,139.791559,日輪寺
35.7150893,139.7899105,東光院
35.7116627,139.7905327,円照寺
35.7116297,139.7908063,善龍寺
35.711512,139.7911255,緑泉寺
35.7115384,139.7913665,専勝寺
35.7112615,139.7912583,運行寺
35.710979,139.7910937,清光寺
35.7108453,139.7905076,西光寺
35.7111942,139.7902496,宗恩寺
35.7110795,139.7901632,通覚寺
35.7112558,139.79081,眞福寺
35.7106415,139.7900406,長敬寺
35.7106394,139.7895835,徳本寺
35.7106748,139.7887659,満照寺
35.7188534,139.7782056,寒松院
35.7190448,139.7783914,真如院
35.7184984,139.7781508,吉祥院
35.7178092,139.7780507,等覚院
35.7185319,139.7785111,福聚院
35.7179343,139.7785261,東漸院
35.7187178,139.77823,林光院
35.7171754,139.7776169,開山堂
35.7818444,139.7332715,西蓮寺
35.7777681,139.7129968,長福寺
35.778996,139.7129107,法善寺
35.8029022,139.788901,東陽寺
35.8033807,139.7889464,浄光寺
35.803448,139.7886231,易行院
35.8028603,139.7873407,本行寺
35.8034446,139.7870527,蓮念寺
35.8031923,139.7880701,常福寺
35.8042469,139.7875421,長安寺
35.8042048,139.7879372,善久寺
35.6489903,139.7521721,立正佼成会 港教会
35.7421537,139.7822586,泊船軒
35.782619,139.7185767,寶幢院
35.771149,139.7194412,法眞寺
35.7586396,139.7049392,智清寺
35.756825,139.7332896,金輪寺
35.7976478,139.8357574,南蔵院
35.7961464,139.8446148,大光寺
35.7799208,139.8481007,常善院
35.7907111,139.8475133,円蔵寺
35.7835248,139.8496042,安福寺
35.764559,139.8593716,慶圓寺
35.7625535,139.8575543,寶蓮寺
35.7635153,139.8569718,立増寺
35.760793,139.8553404,西念寺
35.7611857,139.8586365,浄心寺
35.7795617,139.8709875,南蔵院
35.7361152,139.5973944,三寳寺
35.7364473,139.5988676,道場寺
35.8006415,139.8095869,林松寺
35.707834,139.7859359,龍福院
35.7078553,139.7855795,了源寺
35.7081371,139.7860475,願信寺
35.7083518,139.7857846,本行寺
35.7081367,139.7856395,歓名寺
35.7540556,139.8656978,源照寺
35.753532,139.8650903,崇福寺
35.7535435,139.8645578,大秀寺
35.7508222,139.8649431,観蔵寺
35.7498614,139.863582,大光明寺
35.7524544,139.8791724,寶生院
35.7513231,139.8810288,医王寺
35.7495675,139.8295845,正王寺
35.7628305,139.8410277,善養寺
35.7586053,139.8532996,寶持院
35.7587886,139.8552916,延命寺
35.7535973,139.8487943,延命寺
35.7525386,139.8571771,法問寺
35.7408986,139.8916311,十念寺
35.745173,139.8925947,正真寺
35.7421059,139.88539,善慶寺
35.7441786,139.870498,宗念寺
35.7417978,139.8669117,東覚寺
35.7270431,139.8920237,東養寺
35.7250217,139.891809,萬福寺
35.7123643,139.8899736,本城寺
35.6940423,139.8921292,大雲寺
35.666759,139.8829736,善徳寺
35.6693561,139.8832414,智光院
35.7460081,139.8438095,浄泉寺
35.7391711,139.8571878,南蔵院
35.7301558,139.841953,林柔寺
35.7259317,139.8407913,青龍山 薬王院 浄光寺 木下川薬師
35.7211998,139.8469278,徳正寺
35.7113528,139.8635499,東福院
35.7237224,139.8498779,圓成寺
35.6796114,139.8686867,光明寺
35.6792054,139.8684304,法龍寺
35.6825926,139.8751623,廣済寺
35.6826362,139.8757449,證大寺
35.6955334,139.8636633,永福寺
35.6970732,139.8647122,寿光院
35.6899225,139.8776839,長勝寺
35.7006851,139.8682031,東善寺
35.7145798,139.8794204,長谷院
35.785265,139.8673956,延命寺
35.7150632,139.8671258,照明寺
35.7048321,139.8632352,光福寺
35.7029961,139.8509374,善通寺
35.7039357,139.8510536,最勝寺
35.7054636,139.8471971,深妙寺
35.7085418,139.8393352,燈明寺
35.7020653,139.844736,清秀寺
35.7104421,139.8365958,東漸寺
35.7149239,139.8153556,正圓寺
35.7894329,139.7663725,清徳寺
35.799292,139.8069725,西光寺
35.7991014,139.8058542,玉蔵院
35.7887366,139.8336709,龍岩寺
35.5879534,139.4442298,幸山華厳院
35.7542314,139.6795815,安養院
35.7479967,139.6438672,寿福寺
35.6215583,139.7125279,専修寺
35.6217503,139.7129095,霊源寺
35.6211148,139.711441,長應寺
35.6216553,139.7121156,桐ケ谷寺
35.7762554,139.7632173,慈眼寺
35.7392681,139.7184253,妙経寺
35.5770793,139.7266027,大森善照寺
35.7722489,139.6769958,延命寺
35.778104,139.67535,蓮華寺
35.7664244,139.6629179,金乗院阿弥陀堂
35.7695489,139.3628053,福正寺
35.7818205,139.6441529,乗蓮寺
35.6085344,139.7147474,覚證寺
35.6076755,139.7149209,照明寺
35.7522301,139.73306,阿弥陀堂
35.5854078,139.4737317,慶性寺
35.7059052,139.8001104,寶相寺
35.7022068,139.8102305,法恩寺
35.7017006,139.8104071,千榮院
35.7031691,139.8100951,霊山寺
35.7014559,139.8104196,善行院
35.7020546,139.8273866,寶蓮寺
35.6944782,139.8303929,自性院
35.6893142,139.899007,下鎌田不動尊
35.7107986,139.7419387,龍閑寺
35.7112134,139.7373145,善仁寺
35.7110566,139.7356648,福勝寺
35.7109182,139.7340151,清光院
35.7124649,139.735411,道栄寺
35.7179615,139.7448755,大雲寺
35.7241476,139.7554467,清林寺
35.7246476,139.7560925,光源寺
35.7298148,139.6967158,宝光寺
35.7161707,139.7369655,林泉寺
35.7205176,139.7235019,雑司が谷拝鈍亭(本浄寺)
35.7138461,139.7286701,蓮光寺
35.7093005,139.747581,西岸寺
35.708832,139.747593,常泉院
35.7124809,139.746878,傳通院
35.6943469,139.8143806,五徳山江東寺
35.7060223,139.7278589,済松寺
35.704441,139.7291251,宗柏寺
35.703917,139.7286782,大願寺
35.6617948,139.7322751,法典寺
35.6617774,139.7320059,長耀寺
35.6564949,139.7315104,広称寺
35.6567381,139.7315487,安全寺
35.6601566,139.745733,光宝寺
35.7243904,139.7137611,法明寺
35.7072876,139.71889,法輪寺
35.7038714,139.7199733,清源寺
35.7042761,139.720141,来迎寺
35.7034045,139.7210353,感通寺
35.7030326,139.7208098,宝祥寺
35.7024051,139.7217918,常泉寺
35.7021382,139.721687,大龍寺
35.7016788,139.7224672,常立寺
35.6988649,139.7245641,瑞光寺
35.6971579,139.7237796,蓮秀寺
35.6970429,139.7241005,長厳寺
35.6969745,139.724469,浄栄寺
35.696905,139.7228011,月桂寺
35.6432841,139.738835,正覚院
35.6005587,139.7406731,嶺雲寺
35.5974349,139.7317232,光福寺
35.5467887,139.7181118,宝泉寺
35.5442514,139.7097219,東陽院
35.5505865,139.7100736,薬王寺
35.5462349,139.7421359,龍王院
35.7040533,139.6903684,圓照寺
35.7133941,139.68526,最勝寺
35.7143782,139.6909985,光徳寺
35.7096679,139.6810918,正見寺
35.7125889,139.6797666,金剛寺
35.7381003,139.7076838,佛陀寺
35.5780734,139.7039005,覚源院
35.5674135,139.7250302,妙典寺
35.7144705,139.7858913,涼源寺
35.5802807,139.6961003,本光寺
35.726975,139.7136756,妙典寺
35.7268544,139.7138054,常在寺
35.6244263,139.7164186,安樂寺
35.5876204,139.6989243,林昌寺
35.6328082,139.6722261,龍雲禅寺
35.6402921,139.6721718,正蓮寺
35.6647113,139.3293781,宝樹寺
35.6133881,139.6735562,立源寺
35.619506,139.6258493,玉川寺
35.6210175,139.6283672,大空閣寺
35.6529775,139.3316763,東源寺
35.6567226,139.328263,時宗念仏院
35.6404462,139.6467572,浄光寺
35.7599342,139.6539991,最勝寺
35.7083879,139.7315497,子育地藏尊
35.7683924,139.6143649,法音寺
35.6128984,139.6448034,金剛寺
35.7325122,139.7329088,真如苑 大塚支部
35.645487,139.6431411,勝光院
35.6799441,139.5946958,永願寺
35.7114586,139.7300494,大泉寺
35.7111025,139.7295522,永泉寺
35.6581146,139.5857726,明西寺
35.7111049,139.7388403,稱名寺
35.7126472,139.7455635,法蔵院
35.7112884,139.7476004,光雲寺
35.7285321,139.5747813,本立寺
35.7189767,139.7391342,正信寺
35.7231542,139.6664878,正法寺
35.7228031,139.6663192,貞源寺
35.7220872,139.6638806,明治寺
35.7224884,139.6646976,密蔵院
35.7211871,139.6650148,禪定院
35.7269578,139.7150327,本立寺
35.726304,139.7147127,盛泰寺
35.7312219,139.6463653,南蔵院
35.7215171,139.6388054,福蔵院
35.7139993,139.8769967,寿昌院
35.7078973,139.6774916,龍昌寺
35.7185423,139.6590197,清谷寺
35.7213358,139.6624401,実相院
35.7669805,139.6620349,安養寺
35.7410298,139.7017307,西光院
35.6942487,139.6605598,常仙寺
35.7115037,139.7915891,敬覚寺
35.7108278,139.7888175,善照寺
35.711275,139.7911019,佛頂山光円寺
35.7046703,139.6481654,長仙寺
35.7009828,139.6517715,福壽院
35.7007577,139.6522925,長善寺
35.7009304,139.652755,風林寺
35.6998562,139.6512897,松應寺
35.7000039,139.650735,西照寺
35.6997482,139.6517132,宗秦院
35.6997027,139.6521699,長龍寺
35.6476429,139.7416755,栄松山　長運寺
35.7358668,139.6126639,観蔵院
35.5228206,139.4794689,福寿院
35.7426559,139.6351684,圓光院
35.7220099,139.6430294,仙蔵院
35.7221838,139.7178082,香教寺
35.7414788,139.5514832,如意輪寺
35.7392929,139.5507428,寶樹院
35.7429774,139.5497447,東禅寺
35.7409914,139.5493214,宝晃院
35.6573023,139.584672,安養寺
35.6571746,139.5843414,光徳寺
35.7567615,139.6939849,福泉禅寺
35.7461044,139.6885418,西光寺
35.7720102,139.6860615,昌玲寺
35.7270249,139.8079148,橋場不動院
35.7029644,139.7641722,圓満寺
35.7803851,139.6993985,薬王山龍福寺
35.7781852,139.693707,総泉寺
35.7788517,139.6942149,妙徳寺
35.7771231,139.6911771,延命寺 地蔵堂
35.7747118,139.6922339,延命寺
35.7365149,139.761788,明月寺
35.7863596,139.7153971,満蔵院
35.5836103,139.6939789,久が原出世観音
35.7716295,139.7329597,専福寺
35.751192,139.72581,壽徳寺
35.7629738,139.7182852,雪峰院長泉寺
35.5588012,139.7257559,新照寺
35.5590152,139.7281188,安泰寺
35.6763252,139.7350992,威徳寺
35.7757127,139.6691357,包蔵庵
35.7553722,139.6088922,真龍寺
35.7583238,139.5862918,法性院 寶成寺
35.7576616,139.5853285,善行院
35.7564019,139.5920667,教学院
35.7542631,139.5817757,本照寺
35.7536564,139.5665374,福泉寺
35.7147367,139.6774016,桜ケ池不動尊
35.7168931,139.6858407,獅子吼会
35.6034379,139.6701838,豊川稲荷（曹洞宗）
35.6770814,139.7975538,増林寺
35.7299107,139.5891711,智福寺
35.7584873,139.3821105,長圓寺
35.783655,139.7613594,阿弥陀院
35.7639007,139.7662641,性翁寺
35.7665493,139.7637969,恵明寺
35.7700078,139.7621111,地福寺
35.7799159,139.8790838,瑞正寺
35.7751747,139.869919,東江寺
35.731484,139.3605898,林泉寺
35.7849293,139.7695416,本応寺
35.662854,139.7484226,青松寺
35.788448,139.791887,西光院
35.7871841,139.7911784,炎天寺
35.7935536,139.7854063,長勝寺
35.7983291,139.7850891,真国寺
35.800616,139.7868343,應現寺
35.5635253,139.4507014,養運寺
35.8046081,139.7990344,法華寺
35.8080935,139.8173157,福寿院
35.721983,139.7864306,正覚寺
35.8032225,139.8127836,東善寺
35.8033496,139.8109523,実性寺
35.798412,139.8049755,阿弥陀院
35.7817588,139.7951087,国土安穏寺
35.783375,139.7949885,普門寺
35.7798708,139.7932766,来迎寺
35.5839358,139.7345109,日蓮宗立正院
35.7607939,139.784052,光輪寺
35.7785823,139.7852538,満願寺
35.7749697,139.8157809,増福寺
35.7731618,139.8260274,龍慶寺
35.7790328,139.827437,圓泉寺
35.7756337,139.8326864,法立寺
35.783066,139.8452101,立應寺
35.7714708,139.8530425,正法庵
35.7703881,139.8550895,西光院
35.7700633,139.8521247,善應寺
35.7383138,139.7960004,誓願寺
35.73611,139.796352,真養寺
35.7368221,139.7979106,日慶寺
35.7336321,139.792561,眞正寺
35.7339946,139.792883,円通寺
35.7322487,139.7977945,小塚原回向院
35.7316179,139.7978339,延命寺
35.7471894,139.7978012,常護寺
35.6974277,139.757157,みんなのお寺
35.7642161,139.8170571,長性寺
35.6803887,139.5946402,高源院
35.7679091,139.8507472,見性寺
35.7609186,139.8465881,蓮光寺
35.7610412,139.8497812,香念寺
35.7623407,139.8501801,祥雲寺
35.7621772,139.8491649,慈眼寺
35.6778807,139.5113973,多磨寺
35.698479,139.4934753,不動尊
35.7559323,139.837312,普賢寺
35.7527825,139.8302161,正王寺
35.744309,139.8356839,西光寺
35.7460827,139.8316532,妙源寺
35.7368017,139.8305244,善福院
35.7344396,139.8340088,西光寺
35.7305227,139.8499597,眞禅寺
35.7320784,139.8495362,正覺寺
35.7307648,139.8722582,正蔵院
35.7377776,139.8524504,子育地蔵尊
35.7446806,139.8533169,勝養寺
35.7557813,139.8567436,観音寺
35.7426133,139.8413611,正行寺
35.6952097,139.8790842,円福寺
35.7521592,139.8696616,妙榮院
35.7556784,139.8694915,山王院
35.7591228,139.8765209,眞勝院
35.7562194,139.8786626,萬福寺
35.7466972,139.8785885,輪福寺
35.7462441,139.8906963,唐泉寺
35.7363232,139.8951572,本藏寺
35.7434487,139.8953127,真光院
35.743541,139.8804877,浄光院
35.7457103,139.8810563,大珠院
35.7355761,139.8665792,専念寺
35.7345547,139.8667084,妙法寺
35.7349111,139.8686311,宝蔵院
35.7341039,139.8637627,妙嚴寺
35.7388209,139.8880755,宣要寺
35.7383235,139.7577221,萬栄寺
35.7066744,139.5115066,三光院
35.7914548,139.8658389,光増寺
35.7905455,139.8610836,大聖寺
35.5760868,139.4304698,孝養寺
35.5821471,139.4100638,久成山寿量寺
35.6533423,139.2760285,妙観寺
35.648343,139.3494701,天龍寺
35.5763483,139.4092796,法輪寺
35.6445393,139.3333104,時田弁財天
35.6447607,139.3336502,斟珠寺
35.7089525,139.7967123,駒形堂
35.7079096,139.8004102,遍照院
35.6068955,139.4461705,東光寺
35.566414,139.4222684,覚圓坊
35.579999,139.4934684,三輪山浄徳寺
35.7059957,139.7886901,龍寳寺
35.691149,139.6819993,たから第六天
35.7086745,139.7846012,法泉寺
35.5845597,139.4301259,真峰山圓福寺
35.5984148,139.4391015,善楽寺
35.8175035,139.152547,丹叟院
35.8015364,139.1803807,大徳院 奥多摩教会
35.6782424,139.6300885,招福不動尊
35.7611053,139.2946171,奥多摩新四国八十八ヶ所霊場札所6番島田家
35.7260706,139.25945,能満寺
35.6523877,139.3439643,清流寺
35.7585903,139.2793482,蔵守院
35.7611007,139.3764892,慈眼寺
35.7434758,139.2840421,法蔵寺
35.7431278,139.2840184,尾崎観音
35.7652153,139.3691559,禅昌寺
35.7580542,139.6368152,愛染院田柄不動尊
35.764289,139.6213478,仲台寺
35.7645595,139.6214724,本覚寺
35.7548428,139.642166,南松寺
35.7738782,139.6263759,妙安寺
35.7244396,139.6738922,蓮華寺
35.7273567,139.6680027,東福寺
35.7033853,139.7891284,法林寺
35.703504,139.7887341,松平西福寺
35.7031512,139.7887153,真行院
35.7038198,139.7886939,長応院
35.7011441,139.5431116,観音院
35.575802,139.7187546,新井宿観音堂
35.6166199,139.4232758,吉祥寺教会
35.548181,139.4721279,往還寺
35.7104065,139.7681581,常楽院阿弥陀堂
35.5898891,139.4644631,大蔵山安全寺
35.6659752,139.771549,法重寺
35.8051966,139.2883818,真浄寺
35.7433823,139.3187982,妙源院
35.7456115,139.8573035,一道院
35.6127878,139.3014927,妙法寺
35.7088669,139.7893011,玉宗寺
35.5826712,139.4676509,縁覺寺
35.5951458,139.3869605,光明寺 東京別院
35.7249979,139.7688748,功徳林寺
35.7120057,139.7802578,徳雲禅院
35.7122351,139.7846059,専念寺
35.7135167,139.784796,養蓮寺
35.7123862,139.7849134,林光寺
35.7134193,139.7843749,長龍寺
35.7125659,139.7849304,長善寺
35.7180077,139.7782505,春性院
35.7183248,139.7780006,泉龍院
35.7181399,139.7778352,修禅院
35.6396625,139.7390951,道住寺
35.7256296,139.7863807,萬徳寺
35.6853906,139.7848678,法華宗 宗務院
35.6799727,139.8033147,照光院
35.6427799,139.7333798,松秀寺
35.6449091,139.7390437,明王院
35.64393,139.7389692,仙翁寺
35.709868,139.7886828,宗円寺
35.7088862,139.7885432,常福寺
35.7081478,139.7855312,覚音寺
35.7081222,139.7858821,最尊寺
35.7108504,139.7906589,等光寺
35.708729,139.7891463,不動院
35.6795407,139.7999861,圓隆院
35.6793609,139.8003469,唱行院
35.679118,139.8005614,一乗院
35.6790025,139.8002489,善應院
35.7223655,139.2864355,延命山 福德禪寺
35.7114171,139.7905541,来應寺
35.6411169,139.3159383,雲龍寺
35.6651111,139.7473231,光岳院
35.6651577,139.7479791,榮閑院
35.6649179,139.7472405,榮立院
35.665454,139.7474126,寶瑞院
35.7039132,139.7208317,本松寺
35.7038976,139.7206227,妙泉寺
35.7021294,139.7222164,専念寺
35.7108809,139.7676471,稱仰院
35.7095268,139.7901354,本法寺
35.7108372,139.7835039,唯念寺
35.7837495,139.8680469,長伝寺
35.724937,139.8486006,東光寺
35.6711739,139.7318259,種徳寺
35.6720044,139.7317775,道教寺
35.6716925,139.7323703,専福寺
35.7904358,139.8593515,遍照院
35.6173346,139.7418899,本照寺
35.6151562,139.7419043,蓮長寺
35.615177,139.7422029,本榮寺
35.6152218,139.7426466,本覚寺
35.6151196,139.7414885,妙蓮寺
35.6144189,139.7426421,心海寺
35.5838025,139.4194122,長慶寺
35.7313181,139.8832966,興聖寺
35.6864262,139.2550713,独峯山 乾晨寺
35.7762242,139.2701896,慎徳寺
35.6647695,139.7507575,鏡照院
35.7070617,139.3435332,普妙寺
35.6435782,139.6915345,西照寺
35.7621782,139.7788964,常念坊
35.8023177,139.7903667,榮壽院
35.8021683,139.7898083,正楽寺
35.6938502,139.7199309,安養寺
35.8031685,139.7676264,地蔵堂
35.7111049,139.7338368,妙足院
35.7110939,139.7293503,養國寺
35.7111464,139.7377705,日輪寺
35.6499962,139.664851,勝光院別院
35.6716052,139.6823165,雲照寺
35.6347849,139.6643064,宗圓寺
35.7007247,139.7379147,瑞蓮院
35.7012771,139.7351935,大信寺
35.7052414,139.7217437,正法寺
35.7069873,139.7187169,龍泉院
35.7003819,139.7223745,専行寺
35.7004715,139.7219451,積徳寺
35.6990535,139.7248556,常楽寺
35.7020797,139.4669222,東福寺
